Probability,Solvable,Runtime,Path Length (Repeated A*,Path Length (Discovered),Path Length (Complete),Number of Cells Processed,Runtime Weight (EC),Backtrack Steps (EC)
0.0,true,148500,200.0,-1.0,-1.0,201,1.0,26.0
0.0,true,126800,200.0,-1.0,-1.0,201,1.0,26.0
0.0,true,120100,200.0,-1.0,-1.0,201,1.0,26.0
0.0,true,115800,200.0,-1.0,-1.0,201,1.0,26.0
0.0,true,120300,200.0,-1.0,-1.0,201,1.0,26.0
0.0,true,126900,200.0,-1.0,-1.0,201,1.0,26.0
0.0,true,112200,200.0,-1.0,-1.0,201,1.0,26.0
0.0,true,104900,200.0,-1.0,-1.0,201,1.0,26.0
0.0,true,102900,200.0,-1.0,-1.0,201,1.0,26.0
0.0,true,111800,200.0,-1.0,-1.0,201,1.0,26.0
0.0,true,112300,200.0,-1.0,-1.0,201,1.0,26.0
0.0,true,112300,200.0,-1.0,-1.0,201,1.0,26.0
0.0,true,112800,200.0,-1.0,-1.0,201,1.0,26.0
0.0,true,112000,200.0,-1.0,-1.0,201,1.0,26.0
0.0,true,156400,200.0,-1.0,-1.0,201,1.0,26.0
0.0,true,104800,200.0,-1.0,-1.0,201,1.0,26.0
0.0,true,134000,200.0,-1.0,-1.0,201,1.0,26.0
0.0,true,111800,200.0,-1.0,-1.0,201,1.0,26.0
0.0,true,192500,200.0,-1.0,-1.0,201,1.0,26.0
0.0,true,166800,200.0,-1.0,-1.0,201,1.0,26.0
0.0,true,176700,200.0,-1.0,-1.0,201,1.0,26.0
0.0,true,170500,200.0,-1.0,-1.0,201,1.0,26.0
0.0,true,165000,200.0,-1.0,-1.0,201,1.0,26.0
0.0,true,181200,200.0,-1.0,-1.0,201,1.0,26.0
0.0,true,177700,200.0,-1.0,-1.0,201,1.0,26.0
0.0,true,171300,200.0,-1.0,-1.0,201,1.0,26.0
0.0,true,114900,200.0,-1.0,-1.0,201,1.0,26.0
0.0,true,126200,200.0,-1.0,-1.0,201,1.0,26.0
0.0,true,123300,200.0,-1.0,-1.0,201,1.0,26.0
0.0,true,196000,200.0,-1.0,-1.0,201,1.0,26.0
0.0,true,114800,200.0,-1.0,-1.0,201,1.0,26.0
0.0,true,106900,200.0,-1.0,-1.0,201,1.0,26.0
0.0,true,118700,200.0,-1.0,-1.0,201,1.0,26.0
0.0,true,114300,200.0,-1.0,-1.0,201,1.0,26.0
0.0,true,127000,200.0,-1.0,-1.0,201,1.0,26.0
0.0,true,109000,200.0,-1.0,-1.0,201,1.0,26.0
0.0,true,117500,200.0,-1.0,-1.0,201,1.0,26.0
0.0,true,121200,200.0,-1.0,-1.0,201,1.0,26.0
0.0,true,119200,200.0,-1.0,-1.0,201,1.0,26.0
0.0,true,132600,200.0,-1.0,-1.0,201,1.0,26.0
0.0,true,129100,200.0,-1.0,-1.0,201,1.0,26.0
0.0,true,384300,200.0,-1.0,-1.0,201,1.0,26.0
0.0,true,111400,200.0,-1.0,-1.0,201,1.0,26.0
0.0,true,113400,200.0,-1.0,-1.0,201,1.0,26.0
0.0,true,130900,200.0,-1.0,-1.0,201,1.0,26.0
0.0,true,110600,200.0,-1.0,-1.0,201,1.0,26.0
0.0,true,119700,200.0,-1.0,-1.0,201,1.0,26.0
0.0,true,104400,200.0,-1.0,-1.0,201,1.0,26.0
0.0,true,193400,200.0,-1.0,-1.0,201,1.0,26.0
0.0,true,193500,200.0,-1.0,-1.0,201,1.0,26.0
0.0,true,129400,200.0,-1.0,-1.0,201,1.0,26.0
0.0,true,157300,200.0,-1.0,-1.0,201,1.0,26.0
0.0,true,115100,200.0,-1.0,-1.0,201,1.0,26.0
0.0,true,117700,200.0,-1.0,-1.0,201,1.0,26.0
0.0,true,110200,200.0,-1.0,-1.0,201,1.0,26.0
0.0,true,109600,200.0,-1.0,-1.0,201,1.0,26.0
0.0,true,153000,200.0,-1.0,-1.0,201,1.0,26.0
0.0,true,112400,200.0,-1.0,-1.0,201,1.0,26.0
0.0,true,116600,200.0,-1.0,-1.0,201,1.0,26.0
0.0,true,143600,200.0,-1.0,-1.0,201,1.0,26.0
0.0,true,196000,200.0,-1.0,-1.0,201,1.0,26.0
0.0,true,132600,200.0,-1.0,-1.0,201,1.0,26.0
0.0,true,176500,200.0,-1.0,-1.0,201,1.0,26.0
0.0,true,108300,200.0,-1.0,-1.0,201,1.0,26.0
0.0,true,110900,200.0,-1.0,-1.0,201,1.0,26.0
0.0,true,109300,200.0,-1.0,-1.0,201,1.0,26.0
0.0,true,112600,200.0,-1.0,-1.0,201,1.0,26.0
0.0,true,146200,200.0,-1.0,-1.0,201,1.0,26.0
0.0,true,99800,200.0,-1.0,-1.0,201,1.0,26.0
0.0,true,100600,200.0,-1.0,-1.0,201,1.0,26.0
0.0,true,113300,200.0,-1.0,-1.0,201,1.0,26.0
0.0,true,110200,200.0,-1.0,-1.0,201,1.0,26.0
0.0,true,114500,200.0,-1.0,-1.0,201,1.0,26.0
0.0,true,129700,200.0,-1.0,-1.0,201,1.0,26.0
0.0,true,125500,200.0,-1.0,-1.0,201,1.0,26.0
0.0,true,122500,200.0,-1.0,-1.0,201,1.0,26.0
0.0,true,138700,200.0,-1.0,-1.0,201,1.0,26.0
0.0,true,140900,200.0,-1.0,-1.0,201,1.0,26.0
0.0,true,129100,200.0,-1.0,-1.0,201,1.0,26.0
0.0,true,120500,200.0,-1.0,-1.0,201,1.0,26.0
0.0,true,196100,200.0,-1.0,-1.0,201,1.0,26.0
0.0,true,162300,200.0,-1.0,-1.0,201,1.0,26.0
0.0,true,109700,200.0,-1.0,-1.0,201,1.0,26.0
0.0,true,184000,200.0,-1.0,-1.0,201,1.0,26.0
0.0,true,116500,200.0,-1.0,-1.0,201,1.0,26.0
0.0,true,118200,200.0,-1.0,-1.0,201,1.0,26.0
0.0,true,122500,200.0,-1.0,-1.0,201,1.0,26.0
0.0,true,119400,200.0,-1.0,-1.0,201,1.0,26.0
0.0,true,109600,200.0,-1.0,-1.0,201,1.0,26.0
0.0,true,108200,200.0,-1.0,-1.0,201,1.0,26.0
0.0,true,108400,200.0,-1.0,-1.0,201,1.0,26.0
0.0,true,114100,200.0,-1.0,-1.0,201,1.0,26.0
0.0,true,109300,200.0,-1.0,-1.0,201,1.0,26.0
0.0,true,111400,200.0,-1.0,-1.0,201,1.0,26.0
0.0,true,107900,200.0,-1.0,-1.0,201,1.0,26.0
0.0,true,108900,200.0,-1.0,-1.0,201,1.0,26.0
0.0,true,134500,200.0,-1.0,-1.0,201,1.0,26.0
0.0,true,124700,200.0,-1.0,-1.0,201,1.0,26.0
0.0,true,179800,200.0,-1.0,-1.0,201,1.0,26.0
0.0,true,108900,200.0,-1.0,-1.0,201,1.0,26.0
1.0,true,312900,229.0,-1.0,-1.0,650,1.0,26.0
1.0,true,195600,222.0,-1.0,-1.0,423,1.0,26.0
1.0,true,355900,246.0,-1.0,-1.0,695,1.0,26.0
1.0,true,260900,247.0,-1.0,-1.0,463,1.0,26.0
1.0,true,293000,218.0,-1.0,-1.0,397,1.0,26.0
1.0,true,569900,284.0,-1.0,-1.0,775,1.0,26.0
1.0,true,208600,207.0,-1.0,-1.0,248,1.0,26.0
1.0,true,630400,245.0,-1.0,-1.0,925,1.0,26.0
1.0,true,233700,242.0,-1.0,-1.0,397,1.0,26.0
1.0,true,117600,200.0,-1.0,-1.0,201,1.0,26.0
1.0,true,867100,241.0,-1.0,-1.0,875,1.0,26.0
1.0,true,234000,224.0,-1.0,-1.0,397,1.0,26.0
1.0,true,156600,206.0,-1.0,-1.0,300,1.0,26.0
1.0,true,431300,251.0,-1.0,-1.0,865,1.0,26.0
1.0,true,129400,226.0,-1.0,-1.0,248,1.0,26.0
1.0,true,190900,204.0,-1.0,-1.0,402,1.0,26.0
1.0,true,136300,200.0,-1.0,-1.0,201,1.0,26.0
1.0,true,196300,231.0,-1.0,-1.0,423,1.0,26.0
1.0,true,166200,206.0,-1.0,-1.0,350,1.0,26.0
1.0,true,106100,200.0,-1.0,-1.0,201,1.0,26.0
1.0,true,153000,204.0,-1.0,-1.0,324,1.0,26.0
1.0,true,216000,228.0,-1.0,-1.0,473,1.0,26.0
1.0,true,284000,258.0,-1.0,-1.0,644,1.0,26.0
1.0,true,212400,225.0,-1.0,-1.0,376,1.0,26.0
1.0,true,256000,223.0,-1.0,-1.0,551,1.0,26.0
1.0,true,298500,204.0,-1.0,-1.0,603,1.0,26.0
1.0,true,271200,229.0,-1.0,-1.0,349,1.0,26.0
1.0,true,229400,237.0,-1.0,-1.0,423,1.0,26.0
1.0,true,222900,233.0,-1.0,-1.0,449,1.0,26.0
1.0,true,279200,272.0,-1.0,-1.0,617,1.0,26.0
1.0,true,387400,262.0,-1.0,-1.0,669,1.0,26.0
1.0,true,300000,230.0,-1.0,-1.0,524,1.0,26.0
1.0,true,110300,200.0,-1.0,-1.0,201,1.0,26.0
1.0,true,315100,237.0,-1.0,-1.0,628,1.0,26.0
1.0,true,135400,213.0,-1.0,-1.0,248,1.0,26.0
1.0,true,114700,200.0,-1.0,-1.0,201,1.0,26.0
1.0,true,190700,221.0,-1.0,-1.0,350,1.0,26.0
1.0,true,235500,212.0,-1.0,-1.0,423,1.0,26.0
1.0,true,319400,245.0,-1.0,-1.0,397,1.0,26.0
1.0,true,403900,226.0,-1.0,-1.0,499,1.0,26.0
1.0,true,219600,225.0,-1.0,-1.0,376,1.0,26.0
1.0,true,110100,200.0,-1.0,-1.0,201,1.0,26.0
1.0,true,246800,224.0,-1.0,-1.0,525,1.0,26.0
1.0,true,259600,201.0,-1.0,-1.0,402,1.0,26.0
1.0,true,108800,200.0,-1.0,-1.0,201,1.0,26.0
1.0,true,253700,223.0,-1.0,-1.0,423,1.0,26.0
1.0,true,114800,200.0,-1.0,-1.0,201,1.0,26.0
1.0,true,116700,204.0,-1.0,-1.0,222,1.0,26.0
1.0,true,391700,264.0,-1.0,-1.0,797,1.0,26.0
1.0,true,252100,209.0,-1.0,-1.0,525,1.0,26.0
1.0,true,403000,236.0,-1.0,-1.0,502,1.0,26.0
1.0,true,490400,237.0,-1.0,-1.0,475,1.0,26.0
1.0,true,245000,213.0,-1.0,-1.0,397,1.0,26.0
1.0,true,269400,233.0,-1.0,-1.0,371,1.0,26.0
1.0,true,410000,235.0,-1.0,-1.0,624,1.0,26.0
1.0,true,714500,331.0,-1.0,-1.0,1402,1.0,26.0
1.0,true,444900,261.0,-1.0,-1.0,673,1.0,26.0
1.0,true,219700,213.0,-1.0,-1.0,449,1.0,26.0
1.0,true,438400,227.0,-1.0,-1.0,598,1.0,26.0
1.0,true,318000,208.0,-1.0,-1.0,350,1.0,26.0
1.0,true,193500,200.0,-1.0,-1.0,201,1.0,26.0
1.0,true,486100,234.0,-1.0,-1.0,598,1.0,26.0
1.0,true,527500,266.0,-1.0,-1.0,664,1.0,26.0
1.0,true,206100,200.0,-1.0,-1.0,201,1.0,26.0
1.0,true,559700,272.0,-1.0,-1.0,673,1.0,26.0
1.0,true,465300,231.0,-1.0,-1.0,598,1.0,26.0
1.0,true,183600,200.0,-1.0,-1.0,201,1.0,26.0
1.0,true,180900,200.0,-1.0,-1.0,201,1.0,26.0
1.0,true,438200,237.0,-1.0,-1.0,499,1.0,26.0
1.0,true,255800,216.0,-1.0,-1.0,248,1.0,26.0
1.0,true,373400,220.0,-1.0,-1.0,423,1.0,26.0
1.0,true,489700,238.0,-1.0,-1.0,624,1.0,26.0
1.0,true,316100,211.0,-1.0,-1.0,376,1.0,26.0
1.0,true,215400,205.0,-1.0,-1.0,248,1.0,26.0
1.0,true,513400,248.0,-1.0,-1.0,650,1.0,26.0
1.0,true,429900,232.0,-1.0,-1.0,564,1.0,26.0
1.0,true,175800,200.0,-1.0,-1.0,201,1.0,26.0
1.0,true,426000,254.0,-1.0,-1.0,549,1.0,26.0
1.0,true,349800,245.0,-1.0,-1.0,446,1.0,26.0
1.0,true,436000,219.0,-1.0,-1.0,525,1.0,26.0
1.0,true,498400,243.0,-1.0,-1.0,632,1.0,26.0
1.0,true,276700,235.0,-1.0,-1.0,349,1.0,26.0
1.0,true,303200,241.0,-1.0,-1.0,386,1.0,26.0
1.0,true,460800,244.0,-1.0,-1.0,527,1.0,26.0
1.0,true,343100,234.0,-1.0,-1.0,349,1.0,26.0
1.0,true,332500,233.0,-1.0,-1.0,397,1.0,26.0
1.0,true,251700,216.0,-1.0,-1.0,475,1.0,26.0
1.0,true,160900,200.0,-1.0,-1.0,201,1.0,26.0
1.0,true,280100,236.0,-1.0,-1.0,572,1.0,26.0
1.0,true,194700,253.0,-1.0,-1.0,349,1.0,26.0
1.0,true,300200,201.0,-1.0,-1.0,402,1.0,26.0
1.0,true,394100,233.0,-1.0,-1.0,598,1.0,26.0
1.0,true,151200,217.0,-1.0,-1.0,300,1.0,26.0
1.0,true,241800,202.0,-1.0,-1.0,402,1.0,26.0
1.0,true,375900,216.0,-1.0,-1.0,603,1.0,26.0
1.0,true,481200,352.0,-1.0,-1.0,907,1.0,26.0
1.0,true,290800,231.0,-1.0,-1.0,475,1.0,26.0
1.0,true,274300,225.0,-1.0,-1.0,402,1.0,26.0
1.0,true,123200,200.0,-1.0,-1.0,201,1.0,26.0
1.0,true,252300,245.0,-1.0,-1.0,475,1.0,26.0
2.0,true,223700,207.0,-1.0,-1.0,402,1.0,26.0
2.0,true,285700,221.0,-1.0,-1.0,546,1.0,26.0
2.0,true,547000,297.0,-1.0,-1.0,803,1.0,26.0
2.0,true,841800,264.0,-1.0,-1.0,896,1.0,26.0
2.0,true,637200,230.0,-1.0,-1.0,726,1.0,26.0
2.0,true,338800,256.0,-1.0,-1.0,580,1.0,26.0
2.0,true,399300,255.0,-1.0,-1.0,647,1.0,26.0
2.0,true,654600,288.0,-1.0,-1.0,906,1.0,26.0
2.0,true,569700,260.0,-1.0,-1.0,725,1.0,26.0
2.0,true,188100,223.0,-1.0,-1.0,360,1.0,26.0
2.0,true,142100,206.0,-1.0,-1.0,274,1.0,26.0
2.0,true,235400,231.0,-1.0,-1.0,498,1.0,26.0
2.0,true,474100,294.0,-1.0,-1.0,925,1.0,26.0
2.0,true,457000,249.0,-1.0,-1.0,598,1.0,26.0
2.0,true,247300,206.0,-1.0,-1.0,402,1.0,26.0
2.0,true,505100,251.0,-1.0,-1.0,799,1.0,26.0
2.0,true,532600,266.0,-1.0,-1.0,874,1.0,26.0
2.0,true,224800,237.0,-1.0,-1.0,358,1.0,26.0
2.0,true,128500,200.0,-1.0,-1.0,201,1.0,26.0
2.0,true,345900,254.0,-1.0,-1.0,735,1.0,26.0
2.0,true,399200,270.0,-1.0,-1.0,567,1.0,26.0
2.0,true,422300,293.0,-1.0,-1.0,795,1.0,26.0
2.0,true,563800,270.0,-1.0,-1.0,963,1.0,26.0
2.0,true,343300,227.0,-1.0,-1.0,623,1.0,26.0
2.0,true,963300,280.0,-1.0,-1.0,1192,1.0,26.0
2.0,true,645400,227.0,-1.0,-1.0,534,1.0,26.0
2.0,true,991600,276.0,-1.0,-1.0,1484,1.0,26.0
2.0,true,345700,231.0,-1.0,-1.0,534,1.0,26.0
2.0,true,457300,251.0,-1.0,-1.0,773,1.0,26.0
2.0,true,350000,257.0,-1.0,-1.0,394,1.0,26.0
2.0,true,487600,230.0,-1.0,-1.0,586,1.0,26.0
2.0,true,745500,258.0,-1.0,-1.0,972,1.0,26.0
2.0,true,436700,260.0,-1.0,-1.0,550,1.0,26.0
2.0,true,502100,266.0,-1.0,-1.0,641,1.0,26.0
2.0,true,347300,242.0,-1.0,-1.0,450,1.0,26.0
2.0,true,947100,265.0,-1.0,-1.0,1212,1.0,26.0
2.0,true,221300,200.0,-1.0,-1.0,201,1.0,26.0
2.0,true,466000,244.0,-1.0,-1.0,472,1.0,26.0
2.0,true,452200,252.0,-1.0,-1.0,451,1.0,26.0
2.0,true,371700,265.0,-1.0,-1.0,450,1.0,26.0
2.0,true,425000,218.0,-1.0,-1.0,449,1.0,26.0
2.0,true,632500,249.0,-1.0,-1.0,680,1.0,26.0
2.0,true,418500,246.0,-1.0,-1.0,407,1.0,26.0
2.0,true,472800,248.0,-1.0,-1.0,569,1.0,26.0
2.0,true,622800,241.0,-1.0,-1.0,724,1.0,26.0
2.0,true,566200,237.0,-1.0,-1.0,617,1.0,26.0
2.0,true,433300,257.0,-1.0,-1.0,928,1.0,26.0
2.0,true,363100,244.0,-1.0,-1.0,779,1.0,26.0
2.0,true,353000,242.0,-1.0,-1.0,771,1.0,26.0
2.0,true,259600,258.0,-1.0,-1.0,549,1.0,26.0
2.0,true,473300,263.0,-1.0,-1.0,1056,1.0,26.0
2.0,true,212600,243.0,-1.0,-1.0,447,1.0,26.0
2.0,true,353600,246.0,-1.0,-1.0,724,1.0,26.0
2.0,true,378300,254.0,-1.0,-1.0,650,1.0,26.0
2.0,true,538400,271.0,-1.0,-1.0,699,1.0,26.0
2.0,true,730400,302.0,-1.0,-1.0,918,1.0,26.0
2.0,true,299600,225.0,-1.0,-1.0,376,1.0,26.0
2.0,true,481800,227.0,-1.0,-1.0,572,1.0,26.0
2.0,true,255100,200.0,-1.0,-1.0,201,1.0,26.0
2.0,true,383900,224.0,-1.0,-1.0,447,1.0,26.0
2.0,true,431400,310.0,-1.0,-1.0,872,1.0,26.0
2.0,true,525600,279.0,-1.0,-1.0,1021,1.0,26.0
2.0,true,348300,239.0,-1.0,-1.0,725,1.0,26.0
2.0,true,466100,260.0,-1.0,-1.0,1019,1.0,26.0
2.0,true,302500,233.0,-1.0,-1.0,624,1.0,26.0
2.0,true,260900,232.0,-1.0,-1.0,397,1.0,26.0
2.0,true,202200,217.0,-1.0,-1.0,402,1.0,26.0
2.0,true,272300,265.0,-1.0,-1.0,557,1.0,26.0
2.0,true,248900,263.0,-1.0,-1.0,510,1.0,26.0
2.0,true,322700,252.0,-1.0,-1.0,622,1.0,26.0
2.0,true,306300,270.0,-1.0,-1.0,660,1.0,26.0
2.0,true,359600,266.0,-1.0,-1.0,799,1.0,26.0
2.0,true,222300,251.0,-1.0,-1.0,446,1.0,26.0
2.0,true,279700,255.0,-1.0,-1.0,501,1.0,26.0
2.0,true,452300,289.0,-1.0,-1.0,851,1.0,26.0
2.0,true,547300,259.0,-1.0,-1.0,620,1.0,26.0
2.0,true,652100,254.0,-1.0,-1.0,744,1.0,26.0
2.0,true,990700,276.0,-1.0,-1.0,1172,1.0,26.0
2.0,true,584400,277.0,-1.0,-1.0,699,1.0,26.0
2.0,true,691300,257.0,-1.0,-1.0,864,1.0,26.0
2.0,true,626400,262.0,-1.0,-1.0,747,1.0,26.0
2.0,true,395400,237.0,-1.0,-1.0,472,1.0,26.0
2.0,true,1218100,320.0,-1.0,-1.0,1507,1.0,26.0
2.0,true,338800,271.0,-1.0,-1.0,524,1.0,26.0
2.0,true,146600,214.0,-1.0,-1.0,248,1.0,26.0
2.0,true,485200,264.0,-1.0,-1.0,899,1.0,26.0
2.0,true,320000,238.0,-1.0,-1.0,374,1.0,26.0
2.0,true,717900,312.0,-1.0,-1.0,1052,1.0,26.0
2.0,true,574100,255.0,-1.0,-1.0,720,1.0,26.0
2.0,true,285500,200.0,-1.0,-1.0,376,1.0,26.0
2.0,true,411600,233.0,-1.0,-1.0,622,1.0,26.0
2.0,true,434200,327.0,-1.0,-1.0,735,1.0,26.0
2.0,true,456300,212.0,-1.0,-1.0,525,1.0,26.0
2.0,true,309200,240.0,-1.0,-1.0,598,1.0,26.0
2.0,true,339400,214.0,-1.0,-1.0,603,1.0,26.0
2.0,true,221400,218.0,-1.0,-1.0,376,1.0,26.0
2.0,true,462800,240.0,-1.0,-1.0,922,1.0,26.0
2.0,true,386100,257.0,-1.0,-1.0,674,1.0,26.0
2.0,true,497100,251.0,-1.0,-1.0,825,1.0,26.0
2.0,true,338000,222.0,-1.0,-1.0,577,1.0,26.0
3.0,true,604700,325.0,-1.0,-1.0,1157,1.0,26.0
3.0,true,407900,286.0,-1.0,-1.0,788,1.0,26.0
3.0,true,492500,277.0,-1.0,-1.0,647,1.0,26.0
3.0,true,894500,265.0,-1.0,-1.0,1126,1.0,26.0
3.0,true,597800,272.0,-1.0,-1.0,875,1.0,26.0
3.0,true,572700,249.0,-1.0,-1.0,651,1.0,26.0
3.0,true,358700,233.0,-1.0,-1.0,673,1.0,26.0
3.0,true,292700,247.0,-1.0,-1.0,574,1.0,26.0
3.0,true,421600,301.0,-1.0,-1.0,890,1.0,26.0
3.0,true,687800,327.0,-1.0,-1.0,1399,1.0,26.0
3.0,true,236200,243.0,-1.0,-1.0,481,1.0,26.0
3.0,true,472600,266.0,-1.0,-1.0,848,1.0,26.0
3.0,true,3485100,308.0,-1.0,-1.0,1229,1.0,26.0
3.0,true,610700,255.0,-1.0,-1.0,750,1.0,26.0
3.0,true,701000,308.0,-1.0,-1.0,1483,1.0,26.0
3.0,true,573700,279.0,-1.0,-1.0,1095,1.0,26.0
3.0,true,330600,236.0,-1.0,-1.0,620,1.0,26.0
3.0,true,590000,273.0,-1.0,-1.0,971,1.0,26.0
3.0,true,567200,294.0,-1.0,-1.0,931,1.0,26.0
3.0,true,572800,287.0,-1.0,-1.0,1164,1.0,26.0
3.0,true,514300,242.0,-1.0,-1.0,647,1.0,26.0
3.0,true,904400,304.0,-1.0,-1.0,1000,1.0,26.0
3.0,true,360700,285.0,-1.0,-1.0,673,1.0,26.0
3.0,true,426000,290.0,-1.0,-1.0,827,1.0,26.0
3.0,true,534800,260.0,-1.0,-1.0,646,1.0,26.0
3.0,true,793000,320.0,-1.0,-1.0,1588,1.0,26.0
3.0,true,508400,314.0,-1.0,-1.0,1107,1.0,26.0
3.0,true,639700,346.0,-1.0,-1.0,1399,1.0,26.0
3.0,true,562500,309.0,-1.0,-1.0,1253,1.0,26.0
3.0,true,317600,269.0,-1.0,-1.0,692,1.0,26.0
3.0,true,373300,263.0,-1.0,-1.0,698,1.0,26.0
3.0,true,868300,271.0,-1.0,-1.0,1086,1.0,26.0
3.0,true,342200,233.0,-1.0,-1.0,644,1.0,26.0
3.0,true,712100,255.0,-1.0,-1.0,955,1.0,26.0
3.0,true,313000,268.0,-1.0,-1.0,646,1.0,26.0
3.0,true,469600,228.0,-1.0,-1.0,551,1.0,26.0
3.0,true,344400,234.0,-1.0,-1.0,602,1.0,26.0
3.0,true,369500,252.0,-1.0,-1.0,690,1.0,26.0
3.0,true,226000,224.0,-1.0,-1.0,330,1.0,26.0
3.0,true,515000,222.0,-1.0,-1.0,498,1.0,26.0
3.0,true,404400,271.0,-1.0,-1.0,609,1.0,26.0
3.0,true,611100,266.0,-1.0,-1.0,671,1.0,26.0
3.0,true,1010600,295.0,-1.0,-1.0,1299,1.0,26.0
3.0,true,316500,215.0,-1.0,-1.0,402,1.0,26.0
3.0,true,593900,273.0,-1.0,-1.0,724,1.0,26.0
3.0,true,361900,253.0,-1.0,-1.0,775,1.0,26.0
3.0,true,415700,220.0,-1.0,-1.0,524,1.0,26.0
3.0,true,693300,267.0,-1.0,-1.0,950,1.0,26.0
3.0,true,829100,331.0,-1.0,-1.0,1081,1.0,26.0
3.0,true,830200,306.0,-1.0,-1.0,1103,1.0,26.0
3.0,true,493600,302.0,-1.0,-1.0,884,1.0,26.0
3.0,true,594200,264.0,-1.0,-1.0,1045,1.0,26.0
3.0,true,487300,305.0,-1.0,-1.0,951,1.0,26.0
3.0,true,698900,332.0,-1.0,-1.0,1080,1.0,26.0
3.0,true,404500,260.0,-1.0,-1.0,673,1.0,26.0
3.0,true,307300,295.0,-1.0,-1.0,646,1.0,26.0
3.0,true,220000,210.0,-1.0,-1.0,397,1.0,26.0
3.0,true,322500,261.0,-1.0,-1.0,650,1.0,26.0
3.0,true,341200,270.0,-1.0,-1.0,649,1.0,26.0
3.0,true,205000,218.0,-1.0,-1.0,350,1.0,26.0
3.0,true,205400,223.0,-1.0,-1.0,323,1.0,26.0
3.0,true,335200,247.0,-1.0,-1.0,647,1.0,26.0
3.0,true,662000,333.0,-1.0,-1.0,1287,1.0,26.0
3.0,true,376000,245.0,-1.0,-1.0,625,1.0,26.0
3.0,true,1011500,311.0,-1.0,-1.0,1356,1.0,26.0
3.0,true,899500,312.0,-1.0,-1.0,1154,1.0,26.0
3.0,true,322600,244.0,-1.0,-1.0,556,1.0,26.0
3.0,true,519900,263.0,-1.0,-1.0,919,1.0,26.0
3.0,true,420700,233.0,-1.0,-1.0,625,1.0,26.0
3.0,true,318100,212.0,-1.0,-1.0,397,1.0,26.0
3.0,true,619100,296.0,-1.0,-1.0,1171,1.0,26.0
3.0,true,277700,227.0,-1.0,-1.0,497,1.0,26.0
3.0,true,786200,301.0,-1.0,-1.0,1664,1.0,26.0
3.0,true,627100,343.0,-1.0,-1.0,1317,1.0,26.0
3.0,true,484000,257.0,-1.0,-1.0,1050,1.0,26.0
3.0,true,418200,297.0,-1.0,-1.0,896,1.0,26.0
3.0,true,304000,288.0,-1.0,-1.0,710,1.0,26.0
3.0,true,191700,237.0,-1.0,-1.0,397,1.0,26.0
3.0,true,244900,263.0,-1.0,-1.0,523,1.0,26.0
3.0,true,433400,243.0,-1.0,-1.0,840,1.0,26.0
3.0,true,600300,327.0,-1.0,-1.0,936,1.0,26.0
3.0,true,604500,266.0,-1.0,-1.0,733,1.0,26.0
3.0,true,1097100,318.0,-1.0,-1.0,1381,1.0,26.0
3.0,true,286500,274.0,-1.0,-1.0,597,1.0,26.0
3.0,true,448700,276.0,-1.0,-1.0,905,1.0,26.0
3.0,true,458700,241.0,-1.0,-1.0,602,1.0,26.0
3.0,true,521900,341.0,-1.0,-1.0,942,1.0,26.0
3.0,true,273300,256.0,-1.0,-1.0,540,1.0,26.0
3.0,true,841200,300.0,-1.0,-1.0,1071,1.0,26.0
3.0,true,611700,262.0,-1.0,-1.0,842,1.0,26.0
3.0,true,626900,332.0,-1.0,-1.0,1201,1.0,26.0
3.0,true,896600,434.0,-1.0,-1.0,2036,1.0,26.0
3.0,true,412900,266.0,-1.0,-1.0,904,1.0,26.0
3.0,true,326700,269.0,-1.0,-1.0,674,1.0,26.0
3.0,true,390100,262.0,-1.0,-1.0,860,1.0,26.0
3.0,true,510500,285.0,-1.0,-1.0,1049,1.0,26.0
3.0,true,897600,327.0,-1.0,-1.0,1283,1.0,26.0
3.0,true,1369600,333.0,-1.0,-1.0,1979,1.0,26.0
3.0,true,330800,266.0,-1.0,-1.0,630,1.0,26.0
3.0,true,373000,255.0,-1.0,-1.0,708,1.0,26.0
4.0,true,906900,416.0,-1.0,-1.0,1968,1.0,26.0
4.0,true,452700,253.0,-1.0,-1.0,913,1.0,26.0
4.0,true,596300,285.0,-1.0,-1.0,1121,1.0,26.0
4.0,true,293100,260.0,-1.0,-1.0,603,1.0,26.0
4.0,true,336700,282.0,-1.0,-1.0,628,1.0,26.0
4.0,true,665100,332.0,-1.0,-1.0,1470,1.0,26.0
4.0,true,586100,353.0,-1.0,-1.0,1204,1.0,26.0
4.0,true,468900,320.0,-1.0,-1.0,1035,1.0,26.0
4.0,true,374400,303.0,-1.0,-1.0,817,1.0,26.0
4.0,true,783900,348.0,-1.0,-1.0,1781,1.0,26.0
4.0,true,423600,308.0,-1.0,-1.0,923,1.0,26.0
4.0,true,459000,367.0,-1.0,-1.0,1056,1.0,26.0
4.0,true,750400,360.0,-1.0,-1.0,1405,1.0,26.0
4.0,true,457700,291.0,-1.0,-1.0,714,1.0,26.0
4.0,true,226100,201.0,-1.0,-1.0,402,1.0,26.0
4.0,true,757200,314.0,-1.0,-1.0,1473,1.0,26.0
4.0,true,743100,333.0,-1.0,-1.0,1573,1.0,26.0
4.0,true,642900,323.0,-1.0,-1.0,1283,1.0,26.0
4.0,true,665600,296.0,-1.0,-1.0,1455,1.0,26.0
4.0,true,497000,310.0,-1.0,-1.0,1093,1.0,26.0
4.0,true,929100,435.0,-1.0,-1.0,2161,1.0,26.0
4.0,true,638500,378.0,-1.0,-1.0,1428,1.0,26.0
4.0,true,559700,318.0,-1.0,-1.0,1221,1.0,26.0
4.0,true,535400,315.0,-1.0,-1.0,1213,1.0,26.0
4.0,true,865100,364.0,-1.0,-1.0,1876,1.0,26.0
4.0,true,188900,206.0,-1.0,-1.0,324,1.0,26.0
4.0,true,497900,292.0,-1.0,-1.0,997,1.0,26.0
4.0,true,674300,289.0,-1.0,-1.0,1450,1.0,26.0
4.0,true,393200,246.0,-1.0,-1.0,773,1.0,26.0
4.0,true,617100,252.0,-1.0,-1.0,1220,1.0,26.0
4.0,true,687900,305.0,-1.0,-1.0,1421,1.0,26.0
4.0,true,560900,351.0,-1.0,-1.0,1188,1.0,26.0
4.0,true,524600,279.0,-1.0,-1.0,1103,1.0,26.0
4.0,true,281200,229.0,-1.0,-1.0,598,1.0,26.0
4.0,true,538900,305.0,-1.0,-1.0,1156,1.0,26.0
4.0,true,689900,339.0,-1.0,-1.0,1495,1.0,26.0
4.0,true,671600,363.0,-1.0,-1.0,1484,1.0,26.0
4.0,true,328100,248.0,-1.0,-1.0,715,1.0,26.0
4.0,true,660900,362.0,-1.0,-1.0,1504,1.0,26.0
4.0,true,232600,239.0,-1.0,-1.0,498,1.0,26.0
4.0,true,304800,271.0,-1.0,-1.0,647,1.0,26.0
4.0,true,567500,394.0,-1.0,-1.0,1263,1.0,26.0
4.0,true,1518000,386.0,-1.0,-1.0,1901,1.0,26.0
4.0,true,713800,258.0,-1.0,-1.0,797,1.0,26.0
4.0,true,478500,239.0,-1.0,-1.0,799,1.0,26.0
4.0,true,907900,366.0,-1.0,-1.0,1910,1.0,26.0
4.0,true,331300,251.0,-1.0,-1.0,650,1.0,26.0
4.0,true,620300,256.0,-1.0,-1.0,1296,1.0,26.0
4.0,true,777400,333.0,-1.0,-1.0,1705,1.0,26.0
4.0,true,632600,352.0,-1.0,-1.0,1465,1.0,26.0
4.0,true,311200,269.0,-1.0,-1.0,701,1.0,26.0
4.0,true,642800,329.0,-1.0,-1.0,1466,1.0,26.0
4.0,true,438400,318.0,-1.0,-1.0,923,1.0,26.0
4.0,true,793800,339.0,-1.0,-1.0,1496,1.0,26.0
4.0,true,549100,341.0,-1.0,-1.0,1206,1.0,26.0
4.0,true,554400,273.0,-1.0,-1.0,1247,1.0,26.0
4.0,true,819900,367.0,-1.0,-1.0,1639,1.0,26.0
4.0,true,637200,319.0,-1.0,-1.0,1348,1.0,26.0
4.0,true,607200,338.0,-1.0,-1.0,1207,1.0,26.0
4.0,true,756700,332.0,-1.0,-1.0,1435,1.0,26.0
4.0,true,996600,346.0,-1.0,-1.0,1434,1.0,26.0
4.0,true,802700,325.0,-1.0,-1.0,1417,1.0,26.0
4.0,true,458000,268.0,-1.0,-1.0,922,1.0,26.0
4.0,true,970500,347.0,-1.0,-1.0,1998,1.0,26.0
4.0,true,425800,282.0,-1.0,-1.0,759,1.0,26.0
4.0,true,369900,256.0,-1.0,-1.0,777,1.0,26.0
4.0,true,421400,300.0,-1.0,-1.0,877,1.0,26.0
4.0,true,513600,342.0,-1.0,-1.0,1185,1.0,26.0
4.0,true,302200,261.0,-1.0,-1.0,697,1.0,26.0
4.0,true,396600,269.0,-1.0,-1.0,912,1.0,26.0
4.0,true,600000,323.0,-1.0,-1.0,1379,1.0,26.0
4.0,true,974900,424.0,-1.0,-1.0,1733,1.0,26.0
4.0,true,421600,260.0,-1.0,-1.0,782,1.0,26.0
4.0,true,628200,306.0,-1.0,-1.0,1157,1.0,26.0
4.0,true,782900,404.0,-1.0,-1.0,1283,1.0,26.0
4.0,true,688500,303.0,-1.0,-1.0,1328,1.0,26.0
4.0,true,355500,245.0,-1.0,-1.0,498,1.0,26.0
4.0,true,811800,417.0,-1.0,-1.0,1503,1.0,26.0
4.0,true,462600,274.0,-1.0,-1.0,844,1.0,26.0
4.0,true,702000,336.0,-1.0,-1.0,1165,1.0,26.0
4.0,true,490300,282.0,-1.0,-1.0,798,1.0,26.0
4.0,true,488800,317.0,-1.0,-1.0,1092,1.0,26.0
4.0,true,617700,275.0,-1.0,-1.0,1204,1.0,26.0
4.0,true,622200,264.0,-1.0,-1.0,1153,1.0,26.0
4.0,true,1011200,445.0,-1.0,-1.0,2072,1.0,26.0
4.0,true,501700,285.0,-1.0,-1.0,925,1.0,26.0
4.0,true,553100,226.0,-1.0,-1.0,797,1.0,26.0
4.0,true,579700,356.0,-1.0,-1.0,1187,1.0,26.0
4.0,true,669700,305.0,-1.0,-1.0,1128,1.0,26.0
4.0,true,617400,283.0,-1.0,-1.0,1099,1.0,26.0
4.0,true,592500,270.0,-1.0,-1.0,979,1.0,26.0
4.0,true,674200,337.0,-1.0,-1.0,1232,1.0,26.0
4.0,true,890200,316.0,-1.0,-1.0,1653,1.0,26.0
4.0,true,767900,378.0,-1.0,-1.0,1737,1.0,26.0
4.0,true,572000,273.0,-1.0,-1.0,1076,1.0,26.0
4.0,true,774700,320.0,-1.0,-1.0,1499,1.0,26.0
4.0,true,815000,316.0,-1.0,-1.0,1448,1.0,26.0
4.0,true,947900,405.0,-1.0,-1.0,1825,1.0,26.0
4.0,true,809700,318.0,-1.0,-1.0,1502,1.0,26.0
4.0,true,1663200,390.0,-1.0,-1.0,2002,1.0,26.0
5.0,true,380900,288.0,-1.0,-1.0,717,1.0,26.0
5.0,true,421400,274.0,-1.0,-1.0,777,1.0,26.0
5.0,true,614100,300.0,-1.0,-1.0,1132,1.0,26.0
5.0,true,753300,330.0,-1.0,-1.0,1111,1.0,26.0
5.0,true,1180800,445.0,-1.0,-1.0,2250,1.0,26.0
5.0,true,555600,288.0,-1.0,-1.0,1155,1.0,26.0
5.0,true,257800,257.0,-1.0,-1.0,519,1.0,26.0
5.0,true,667700,315.0,-1.0,-1.0,1366,1.0,26.0
5.0,true,598800,310.0,-1.0,-1.0,1145,1.0,26.0
5.0,true,597600,324.0,-1.0,-1.0,1063,1.0,26.0
5.0,true,835800,390.0,-1.0,-1.0,1541,1.0,26.0
5.0,true,884900,356.0,-1.0,-1.0,1335,1.0,26.0
5.0,true,879500,312.0,-1.0,-1.0,1510,1.0,26.0
5.0,true,935100,361.0,-1.0,-1.0,1712,1.0,26.0
5.0,true,1019900,347.0,-1.0,-1.0,1866,1.0,26.0
5.0,true,1042600,363.0,-1.0,-1.0,1874,1.0,26.0
5.0,true,784600,370.0,-1.0,-1.0,1825,1.0,26.0
5.0,true,1055700,412.0,-1.0,-1.0,1943,1.0,26.0
5.0,true,827500,319.0,-1.0,-1.0,1557,1.0,26.0
5.0,true,738500,364.0,-1.0,-1.0,1478,1.0,26.0
5.0,true,626700,332.0,-1.0,-1.0,1235,1.0,26.0
5.0,true,882600,367.0,-1.0,-1.0,1768,1.0,26.0
5.0,true,680000,330.0,-1.0,-1.0,1378,1.0,26.0
5.0,true,561900,283.0,-1.0,-1.0,829,1.0,26.0
5.0,true,915300,291.0,-1.0,-1.0,1676,1.0,26.0
5.0,true,1012700,439.0,-1.0,-1.0,1893,1.0,26.0
5.0,true,557200,304.0,-1.0,-1.0,1130,1.0,26.0
5.0,true,633800,342.0,-1.0,-1.0,1259,1.0,26.0
5.0,true,324400,271.0,-1.0,-1.0,609,1.0,26.0
5.0,true,560300,271.0,-1.0,-1.0,1196,1.0,26.0
5.0,true,382100,311.0,-1.0,-1.0,846,1.0,26.0
5.0,true,789400,326.0,-1.0,-1.0,1679,1.0,26.0
5.0,true,262700,313.0,-1.0,-1.0,609,1.0,26.0
5.0,true,542700,302.0,-1.0,-1.0,1170,1.0,26.0
5.0,true,565000,240.0,-1.0,-1.0,1103,1.0,26.0
5.0,true,675400,299.0,-1.0,-1.0,1169,1.0,26.0
5.0,true,1025600,429.0,-1.0,-1.0,1875,1.0,26.0
5.0,true,582300,270.0,-1.0,-1.0,618,1.0,26.0
5.0,true,903900,370.0,-1.0,-1.0,1629,1.0,26.0
5.0,true,825100,295.0,-1.0,-1.0,1100,1.0,26.0
5.0,true,676500,391.0,-1.0,-1.0,1211,1.0,26.0
5.0,true,954700,424.0,-1.0,-1.0,1818,1.0,26.0
5.0,true,291700,252.0,-1.0,-1.0,568,1.0,26.0
5.0,true,578900,337.0,-1.0,-1.0,1155,1.0,26.0
5.0,true,428700,244.0,-1.0,-1.0,822,1.0,26.0
5.0,true,721000,338.0,-1.0,-1.0,1466,1.0,26.0
5.0,true,1198200,399.0,-1.0,-1.0,2433,1.0,26.0
5.0,true,660600,365.0,-1.0,-1.0,1199,1.0,26.0
5.0,true,922800,299.0,-1.0,-1.0,1178,1.0,26.0
5.0,true,843600,307.0,-1.0,-1.0,971,1.0,26.0
5.0,true,762300,357.0,-1.0,-1.0,1386,1.0,26.0
5.0,true,1228400,378.0,-1.0,-1.0,1928,1.0,26.0
5.0,true,1001200,350.0,-1.0,-1.0,1786,1.0,26.0
5.0,true,885600,351.0,-1.0,-1.0,1711,1.0,26.0
5.0,true,428000,254.0,-1.0,-1.0,770,1.0,26.0
5.0,true,598200,310.0,-1.0,-1.0,1167,1.0,26.0
5.0,true,769900,313.0,-1.0,-1.0,1454,1.0,26.0
5.0,true,672400,308.0,-1.0,-1.0,1378,1.0,26.0
5.0,true,536200,280.0,-1.0,-1.0,1116,1.0,26.0
5.0,true,1046300,402.0,-1.0,-1.0,2093,1.0,26.0
5.0,true,490500,323.0,-1.0,-1.0,1049,1.0,26.0
5.0,true,1075700,428.0,-1.0,-1.0,1759,1.0,26.0
5.0,true,600800,297.0,-1.0,-1.0,1304,1.0,26.0
5.0,true,1233400,436.0,-1.0,-1.0,2176,1.0,26.0
5.0,true,413200,240.0,-1.0,-1.0,686,1.0,26.0
5.0,true,717600,370.0,-1.0,-1.0,1636,1.0,26.0
5.0,true,585200,408.0,-1.0,-1.0,1428,1.0,26.0
5.0,true,739000,282.0,-1.0,-1.0,1762,1.0,26.0
5.0,true,665200,310.0,-1.0,-1.0,1522,1.0,26.0
5.0,true,752400,385.0,-1.0,-1.0,1582,1.0,26.0
5.0,true,618800,369.0,-1.0,-1.0,1494,1.0,26.0
5.0,true,621300,375.0,-1.0,-1.0,1479,1.0,26.0
5.0,true,374600,268.0,-1.0,-1.0,748,1.0,26.0
5.0,true,606200,296.0,-1.0,-1.0,1127,1.0,26.0
5.0,true,769600,362.0,-1.0,-1.0,1530,1.0,26.0
5.0,true,918400,318.0,-1.0,-1.0,1124,1.0,26.0
5.0,true,542000,314.0,-1.0,-1.0,905,1.0,26.0
5.0,true,1154300,325.0,-1.0,-1.0,1611,1.0,26.0
5.0,true,637800,299.0,-1.0,-1.0,1209,1.0,26.0
5.0,true,430600,315.0,-1.0,-1.0,877,1.0,26.0
5.0,true,359600,244.0,-1.0,-1.0,724,1.0,26.0
5.0,true,493000,302.0,-1.0,-1.0,1116,1.0,26.0
5.0,true,704200,420.0,-1.0,-1.0,1542,1.0,26.0
5.0,true,606700,283.0,-1.0,-1.0,1303,1.0,26.0
5.0,true,1034700,453.0,-1.0,-1.0,2343,1.0,26.0
5.0,true,1249900,415.0,-1.0,-1.0,2421,1.0,26.0
5.0,true,809500,356.0,-1.0,-1.0,1663,1.0,26.0
5.0,true,913600,403.0,-1.0,-1.0,1691,1.0,26.0
5.0,true,683600,354.0,-1.0,-1.0,1481,1.0,26.0
5.0,true,743700,359.0,-1.0,-1.0,1539,1.0,26.0
5.0,true,825800,302.0,-1.0,-1.0,1685,1.0,26.0
5.0,true,674700,315.0,-1.0,-1.0,1437,1.0,26.0
5.0,true,1007100,408.0,-1.0,-1.0,2033,1.0,26.0
5.0,true,445200,289.0,-1.0,-1.0,884,1.0,26.0
5.0,true,359900,238.0,-1.0,-1.0,807,1.0,26.0
5.0,true,595700,347.0,-1.0,-1.0,1324,1.0,26.0
5.0,true,390300,293.0,-1.0,-1.0,832,1.0,26.0
5.0,true,799900,395.0,-1.0,-1.0,1814,1.0,26.0
5.0,true,657900,400.0,-1.0,-1.0,1462,1.0,26.0
5.0,true,771300,396.0,-1.0,-1.0,1433,1.0,26.0
6.0,true,1269600,354.0,-1.0,-1.0,1634,1.0,26.0
6.0,true,1338800,380.0,-1.0,-1.0,1950,1.0,26.0
6.0,true,751800,336.0,-1.0,-1.0,1600,1.0,26.0
6.0,true,910500,356.0,-1.0,-1.0,1834,1.0,26.0
6.0,true,875800,351.0,-1.0,-1.0,1912,1.0,26.0
6.0,true,832600,348.0,-1.0,-1.0,1868,1.0,26.0
6.0,true,644500,360.0,-1.0,-1.0,1516,1.0,26.0
6.0,true,626100,324.0,-1.0,-1.0,1418,1.0,26.0
6.0,true,485300,295.0,-1.0,-1.0,1010,1.0,26.0
6.0,true,799600,369.0,-1.0,-1.0,1732,1.0,26.0
6.0,true,1078700,438.0,-1.0,-1.0,2338,1.0,26.0
6.0,true,444000,291.0,-1.0,-1.0,984,1.0,26.0
6.0,true,572700,356.0,-1.0,-1.0,1237,1.0,26.0
6.0,true,733700,376.0,-1.0,-1.0,1672,1.0,26.0
6.0,true,960500,443.0,-1.0,-1.0,2127,1.0,26.0
6.0,true,450500,320.0,-1.0,-1.0,1022,1.0,26.0
6.0,true,895100,345.0,-1.0,-1.0,1937,1.0,26.0
6.0,true,851600,401.0,-1.0,-1.0,1905,1.0,26.0
6.0,true,1141100,320.0,-1.0,-1.0,1705,1.0,26.0
6.0,true,1059800,370.0,-1.0,-1.0,1936,1.0,26.0
6.0,true,884100,370.0,-1.0,-1.0,1440,1.0,26.0
6.0,true,1236500,399.0,-1.0,-1.0,2139,1.0,26.0
6.0,true,1003300,335.0,-1.0,-1.0,1819,1.0,26.0
6.0,true,628600,293.0,-1.0,-1.0,1206,1.0,26.0
6.0,true,777400,369.0,-1.0,-1.0,1576,1.0,26.0
6.0,true,740200,326.0,-1.0,-1.0,1269,1.0,26.0
6.0,true,907300,341.0,-1.0,-1.0,1819,1.0,26.0
6.0,true,717700,391.0,-1.0,-1.0,1656,1.0,26.0
6.0,true,466600,330.0,-1.0,-1.0,1073,1.0,26.0
6.0,true,823100,382.0,-1.0,-1.0,1909,1.0,26.0
6.0,true,600700,323.0,-1.0,-1.0,1115,1.0,26.0
6.0,true,626100,330.0,-1.0,-1.0,1291,1.0,26.0
6.0,true,1089200,342.0,-1.0,-1.0,1504,1.0,26.0
6.0,true,790300,363.0,-1.0,-1.0,1622,1.0,26.0
6.0,true,832500,367.0,-1.0,-1.0,1534,1.0,26.0
6.0,true,708700,267.0,-1.0,-1.0,1247,1.0,26.0
6.0,true,921200,427.0,-1.0,-1.0,2107,1.0,26.0
6.0,true,666300,366.0,-1.0,-1.0,1494,1.0,26.0
6.0,true,746200,409.0,-1.0,-1.0,1726,1.0,26.0
6.0,true,523200,273.0,-1.0,-1.0,974,1.0,26.0
6.0,true,665100,335.0,-1.0,-1.0,1346,1.0,26.0
6.0,true,912200,334.0,-1.0,-1.0,1955,1.0,26.0
6.0,true,951700,331.0,-1.0,-1.0,1732,1.0,26.0
6.0,true,547800,297.0,-1.0,-1.0,941,1.0,26.0
6.0,true,1172700,384.0,-1.0,-1.0,2064,1.0,26.0
6.0,true,758100,356.0,-1.0,-1.0,1632,1.0,26.0
6.0,true,538300,328.0,-1.0,-1.0,1053,1.0,26.0
6.0,true,917200,323.0,-1.0,-1.0,1409,1.0,26.0
6.0,true,615700,316.0,-1.0,-1.0,1334,1.0,26.0
6.0,true,908400,440.0,-1.0,-1.0,1982,1.0,26.0
6.0,true,637600,385.0,-1.0,-1.0,1487,1.0,26.0
6.0,true,607900,366.0,-1.0,-1.0,1314,1.0,26.0
6.0,true,552100,336.0,-1.0,-1.0,1201,1.0,26.0
6.0,true,740100,297.0,-1.0,-1.0,1690,1.0,26.0
6.0,true,837700,352.0,-1.0,-1.0,1721,1.0,26.0
6.0,true,696500,351.0,-1.0,-1.0,1155,1.0,26.0
6.0,true,636600,323.0,-1.0,-1.0,1329,1.0,26.0
6.0,true,754400,364.0,-1.0,-1.0,1657,1.0,26.0
6.0,true,1232500,395.0,-1.0,-1.0,2644,1.0,26.0
6.0,true,892900,370.0,-1.0,-1.0,1574,1.0,26.0
6.0,true,1096700,424.0,-1.0,-1.0,2284,1.0,26.0
6.0,true,897200,377.0,-1.0,-1.0,1986,1.0,26.0
6.0,true,799100,329.0,-1.0,-1.0,1689,1.0,26.0
6.0,true,881400,392.0,-1.0,-1.0,2074,1.0,26.0
6.0,true,574500,285.0,-1.0,-1.0,1281,1.0,26.0
6.0,true,868200,416.0,-1.0,-1.0,2020,1.0,26.0
6.0,true,803800,400.0,-1.0,-1.0,1844,1.0,26.0
6.0,true,767400,329.0,-1.0,-1.0,1119,1.0,26.0
6.0,true,1021300,331.0,-1.0,-1.0,1606,1.0,26.0
6.0,true,1539700,499.0,-1.0,-1.0,2533,1.0,26.0
6.0,true,385100,270.0,-1.0,-1.0,447,1.0,26.0
6.0,true,1043900,321.0,-1.0,-1.0,1124,1.0,26.0
6.0,true,1150500,411.0,-1.0,-1.0,1777,1.0,26.0
6.0,true,599800,385.0,-1.0,-1.0,1434,1.0,26.0
6.0,true,794600,376.0,-1.0,-1.0,1794,1.0,26.0
6.0,true,548000,256.0,-1.0,-1.0,1085,1.0,26.0
6.0,true,718100,379.0,-1.0,-1.0,1539,1.0,26.0
6.0,true,615800,370.0,-1.0,-1.0,1444,1.0,26.0
6.0,true,881500,353.0,-1.0,-1.0,1857,1.0,26.0
6.0,true,919100,377.0,-1.0,-1.0,1998,1.0,26.0
6.0,true,978000,338.0,-1.0,-1.0,1855,1.0,26.0
6.0,true,1101800,418.0,-1.0,-1.0,2346,1.0,26.0
6.0,true,1373100,352.0,-1.0,-1.0,1995,1.0,26.0
6.0,true,1393100,343.0,-1.0,-1.0,1871,1.0,26.0
6.0,true,867400,337.0,-1.0,-1.0,1844,1.0,26.0
6.0,true,290900,263.0,-1.0,-1.0,640,1.0,26.0
6.0,true,951300,455.0,-1.0,-1.0,2113,1.0,26.0
6.0,true,992800,385.0,-1.0,-1.0,2380,1.0,26.0
6.0,true,992300,435.0,-1.0,-1.0,2326,1.0,26.0
6.0,true,1476100,401.0,-1.0,-1.0,2272,1.0,26.0
6.0,true,755600,299.0,-1.0,-1.0,1102,1.0,26.0
6.0,true,1183500,410.0,-1.0,-1.0,1972,1.0,26.0
6.0,true,1101600,401.0,-1.0,-1.0,2272,1.0,26.0
6.0,true,1027100,363.0,-1.0,-1.0,1820,1.0,26.0
6.0,true,578800,301.0,-1.0,-1.0,914,1.0,26.0
6.0,true,1269100,454.0,-1.0,-1.0,2544,1.0,26.0
6.0,true,658400,337.0,-1.0,-1.0,1430,1.0,26.0
6.0,true,663000,355.0,-1.0,-1.0,1450,1.0,26.0
6.0,true,1061300,501.0,-1.0,-1.0,2506,1.0,26.0
6.0,true,884000,390.0,-1.0,-1.0,1966,1.0,26.0
7.0,true,973500,481.0,-1.0,-1.0,2128,1.0,26.0
7.0,true,957200,484.0,-1.0,-1.0,1899,1.0,26.0
7.0,true,915300,393.0,-1.0,-1.0,1760,1.0,26.0
7.0,true,685000,358.0,-1.0,-1.0,1273,1.0,26.0
7.0,true,1276200,506.0,-1.0,-1.0,2528,1.0,26.0
7.0,true,1242000,433.0,-1.0,-1.0,2580,1.0,26.0
7.0,true,1214300,382.0,-1.0,-1.0,2199,1.0,26.0
7.0,true,897600,424.0,-1.0,-1.0,1802,1.0,26.0
7.0,true,1186700,413.0,-1.0,-1.0,1963,1.0,26.0
7.0,true,1387200,428.0,-1.0,-1.0,2551,1.0,26.0
7.0,true,1460600,445.0,-1.0,-1.0,2666,1.0,26.0
7.0,true,685300,288.0,-1.0,-1.0,1371,1.0,26.0
7.0,true,687500,383.0,-1.0,-1.0,1230,1.0,26.0
7.0,true,740700,333.0,-1.0,-1.0,1454,1.0,26.0
7.0,true,778600,424.0,-1.0,-1.0,1769,1.0,26.0
7.0,true,4326700,358.0,-1.0,-1.0,2295,1.0,26.0
7.0,true,1197300,383.0,-1.0,-1.0,2016,1.0,26.0
7.0,true,1087300,457.0,-1.0,-1.0,2247,1.0,26.0
7.0,true,1089600,476.0,-1.0,-1.0,2275,1.0,26.0
7.0,true,1648000,544.0,-1.0,-1.0,3472,1.0,26.0
7.0,true,1284600,468.0,-1.0,-1.0,2734,1.0,26.0
7.0,true,897300,410.0,-1.0,-1.0,2013,1.0,26.0
7.0,true,750800,422.0,-1.0,-1.0,1813,1.0,26.0
7.0,true,604100,329.0,-1.0,-1.0,1356,1.0,26.0
7.0,true,682500,315.0,-1.0,-1.0,1277,1.0,26.0
7.0,true,2013900,435.0,-1.0,-1.0,2588,1.0,26.0
7.0,true,1542000,315.0,-1.0,-1.0,2058,1.0,26.0
7.0,true,945700,343.0,-1.0,-1.0,1786,1.0,26.0
7.0,true,450000,297.0,-1.0,-1.0,954,1.0,26.0
7.0,true,1209200,389.0,-1.0,-1.0,2549,1.0,26.0
7.0,true,823100,421.0,-1.0,-1.0,1891,1.0,26.0
7.0,true,804100,324.0,-1.0,-1.0,1777,1.0,26.0
7.0,true,1290500,485.0,-1.0,-1.0,2452,1.0,26.0
7.0,true,883300,420.0,-1.0,-1.0,2079,1.0,26.0
7.0,true,964000,420.0,-1.0,-1.0,2098,1.0,26.0
7.0,true,738300,340.0,-1.0,-1.0,1456,1.0,26.0
7.0,true,1171100,376.0,-1.0,-1.0,1762,1.0,26.0
7.0,true,990800,368.0,-1.0,-1.0,1998,1.0,26.0
7.0,true,1696900,505.0,-1.0,-1.0,2741,1.0,26.0
7.0,true,1556500,342.0,-1.0,-1.0,1865,1.0,26.0
7.0,true,1367200,348.0,-1.0,-1.0,1474,1.0,26.0
7.0,true,1140000,302.0,-1.0,-1.0,1480,1.0,26.0
7.0,true,1372800,357.0,-1.0,-1.0,1797,1.0,26.0
7.0,true,1527300,413.0,-1.0,-1.0,2108,1.0,26.0
7.0,true,1457500,444.0,-1.0,-1.0,2576,1.0,26.0
7.0,true,682400,341.0,-1.0,-1.0,1334,1.0,26.0
7.0,true,1257200,391.0,-1.0,-1.0,2638,1.0,26.0
7.0,true,549900,281.0,-1.0,-1.0,1226,1.0,26.0
7.0,true,823900,357.0,-1.0,-1.0,1633,1.0,26.0
7.0,true,886600,344.0,-1.0,-1.0,1723,1.0,26.0
7.0,true,1017700,439.0,-1.0,-1.0,2264,1.0,26.0
7.0,true,905300,381.0,-1.0,-1.0,2031,1.0,26.0
7.0,true,736000,415.0,-1.0,-1.0,1687,1.0,26.0
7.0,true,957800,373.0,-1.0,-1.0,2027,1.0,26.0
7.0,true,781200,357.0,-1.0,-1.0,1397,1.0,26.0
7.0,true,1925000,535.0,-1.0,-1.0,3245,1.0,26.0
7.0,true,910600,427.0,-1.0,-1.0,1816,1.0,26.0
7.0,true,740200,415.0,-1.0,-1.0,1499,1.0,26.0
7.0,true,918800,412.0,-1.0,-1.0,2136,1.0,26.0
7.0,true,1091100,445.0,-1.0,-1.0,2411,1.0,26.0
7.0,true,1155200,390.0,-1.0,-1.0,2213,1.0,26.0
7.0,true,1012300,348.0,-1.0,-1.0,1914,1.0,26.0
7.0,true,1158700,423.0,-1.0,-1.0,2540,1.0,26.0
7.0,true,451400,239.0,-1.0,-1.0,1000,1.0,26.0
7.0,true,1727600,397.0,-1.0,-1.0,2299,1.0,26.0
7.0,true,1248500,399.0,-1.0,-1.0,2303,1.0,26.0
7.0,true,844300,375.0,-1.0,-1.0,1871,1.0,26.0
7.0,true,652400,343.0,-1.0,-1.0,1148,1.0,26.0
7.0,true,1019100,407.0,-1.0,-1.0,2092,1.0,26.0
7.0,true,1130400,402.0,-1.0,-1.0,2346,1.0,26.0
7.0,true,715700,361.0,-1.0,-1.0,1632,1.0,26.0
7.0,true,995900,396.0,-1.0,-1.0,2261,1.0,26.0
7.0,true,1121500,433.0,-1.0,-1.0,2400,1.0,26.0
7.0,true,1002600,432.0,-1.0,-1.0,2284,1.0,26.0
7.0,true,543500,272.0,-1.0,-1.0,1153,1.0,26.0
7.0,true,909300,405.0,-1.0,-1.0,1746,1.0,26.0
7.0,true,760400,319.0,-1.0,-1.0,1502,1.0,26.0
7.0,true,969100,418.0,-1.0,-1.0,1965,1.0,26.0
7.0,true,334700,282.0,-1.0,-1.0,626,1.0,26.0
7.0,true,534400,292.0,-1.0,-1.0,1125,1.0,26.0
7.0,true,650400,297.0,-1.0,-1.0,1441,1.0,26.0
7.0,true,712800,384.0,-1.0,-1.0,1419,1.0,26.0
7.0,true,1376600,443.0,-1.0,-1.0,2780,1.0,26.0
7.0,true,843200,381.0,-1.0,-1.0,1852,1.0,26.0
7.0,true,630000,412.0,-1.0,-1.0,1411,1.0,26.0
7.0,true,961000,458.0,-1.0,-1.0,2298,1.0,26.0
7.0,true,985600,381.0,-1.0,-1.0,2159,1.0,26.0
7.0,true,1673400,395.0,-1.0,-1.0,2049,1.0,26.0
7.0,true,980200,403.0,-1.0,-1.0,1636,1.0,26.0
7.0,true,852100,375.0,-1.0,-1.0,1709,1.0,26.0
7.0,true,1073500,483.0,-1.0,-1.0,2324,1.0,26.0
7.0,true,835900,423.0,-1.0,-1.0,1614,1.0,26.0
7.0,true,533900,317.0,-1.0,-1.0,1182,1.0,26.0
7.0,true,762000,382.0,-1.0,-1.0,1649,1.0,26.0
7.0,true,609300,370.0,-1.0,-1.0,1322,1.0,26.0
7.0,true,921400,339.0,-1.0,-1.0,1901,1.0,26.0
7.0,true,1286600,513.0,-1.0,-1.0,2820,1.0,26.0
7.0,true,1448500,603.0,-1.0,-1.0,2765,1.0,26.0
7.0,true,783500,366.0,-1.0,-1.0,1437,1.0,26.0
7.0,true,1155400,358.0,-1.0,-1.0,1863,1.0,26.0
8.0,true,1240900,479.0,-1.0,-1.0,2537,1.0,26.0
8.0,true,1094800,427.0,-1.0,-1.0,2311,1.0,26.0
8.0,true,857300,390.0,-1.0,-1.0,1894,1.0,26.0
8.0,true,1261200,464.0,-1.0,-1.0,2844,1.0,26.0
8.0,true,1273600,512.0,-1.0,-1.0,2777,1.0,26.0
8.0,true,785100,390.0,-1.0,-1.0,1883,1.0,26.0
8.0,true,1294200,463.0,-1.0,-1.0,2776,1.0,26.0
8.0,true,1734100,482.0,-1.0,-1.0,2188,1.0,26.0
8.0,true,962900,353.0,-1.0,-1.0,1379,1.0,26.0
8.0,true,1232600,487.0,-1.0,-1.0,2704,1.0,26.0
8.0,true,857600,375.0,-1.0,-1.0,1912,1.0,26.0
8.0,true,1049400,470.0,-1.0,-1.0,2189,1.0,26.0
8.0,true,1405300,538.0,-1.0,-1.0,3089,1.0,26.0
8.0,true,589400,369.0,-1.0,-1.0,1300,1.0,26.0
8.0,true,1582000,609.0,-1.0,-1.0,3799,1.0,26.0
8.0,true,1236600,474.0,-1.0,-1.0,2660,1.0,26.0
8.0,true,1340700,488.0,-1.0,-1.0,2669,1.0,26.0
8.0,true,924100,325.0,-1.0,-1.0,1562,1.0,26.0
8.0,true,1377900,453.0,-1.0,-1.0,2530,1.0,26.0
8.0,true,1308000,489.0,-1.0,-1.0,2810,1.0,26.0
8.0,true,1393700,584.0,-1.0,-1.0,3131,1.0,26.0
8.0,true,828400,383.0,-1.0,-1.0,1959,1.0,26.0
8.0,true,782100,332.0,-1.0,-1.0,1742,1.0,26.0
8.0,true,1266900,400.0,-1.0,-1.0,2717,1.0,26.0
8.0,true,923200,506.0,-1.0,-1.0,2224,1.0,26.0
8.0,true,2058600,510.0,-1.0,-1.0,2762,1.0,26.0
8.0,true,1365800,412.0,-1.0,-1.0,2463,1.0,26.0
8.0,true,911300,357.0,-1.0,-1.0,1925,1.0,26.0
8.0,true,1769200,504.0,-1.0,-1.0,3237,1.0,26.0
8.0,true,1445400,572.0,-1.0,-1.0,2987,1.0,26.0
8.0,true,1120300,452.0,-1.0,-1.0,2325,1.0,26.0
8.0,true,662800,332.0,-1.0,-1.0,1370,1.0,26.0
8.0,true,925800,376.0,-1.0,-1.0,1788,1.0,26.0
8.0,true,2032800,538.0,-1.0,-1.0,3021,1.0,26.0
8.0,true,1400900,360.0,-1.0,-1.0,1885,1.0,26.0
8.0,true,1339100,486.0,-1.0,-1.0,2746,1.0,26.0
8.0,true,685900,339.0,-1.0,-1.0,1492,1.0,26.0
8.0,true,1301800,490.0,-1.0,-1.0,2962,1.0,26.0
8.0,true,998400,369.0,-1.0,-1.0,2134,1.0,26.0
8.0,true,1014800,375.0,-1.0,-1.0,2219,1.0,26.0
8.0,true,587100,374.0,-1.0,-1.0,1356,1.0,26.0
8.0,true,812600,393.0,-1.0,-1.0,1869,1.0,26.0
8.0,true,950900,413.0,-1.0,-1.0,2106,1.0,26.0
8.0,true,1907800,499.0,-1.0,-1.0,2476,1.0,26.0
8.0,true,1013600,384.0,-1.0,-1.0,1809,1.0,26.0
8.0,true,1142800,435.0,-1.0,-1.0,2393,1.0,26.0
8.0,true,865900,369.0,-1.0,-1.0,1853,1.0,26.0
8.0,true,1297700,548.0,-1.0,-1.0,2747,1.0,26.0
8.0,true,877200,411.0,-1.0,-1.0,1906,1.0,26.0
8.0,true,1287900,484.0,-1.0,-1.0,2992,1.0,26.0
8.0,true,736800,324.0,-1.0,-1.0,1594,1.0,26.0
8.0,true,908000,389.0,-1.0,-1.0,2043,1.0,26.0
8.0,true,987100,427.0,-1.0,-1.0,2251,1.0,26.0
8.0,true,1295300,454.0,-1.0,-1.0,2482,1.0,26.0
8.0,true,875300,382.0,-1.0,-1.0,1939,1.0,26.0
8.0,true,674000,330.0,-1.0,-1.0,1504,1.0,26.0
8.0,true,1278800,419.0,-1.0,-1.0,2582,1.0,26.0
8.0,true,1538200,540.0,-1.0,-1.0,2959,1.0,26.0
8.0,true,992200,458.0,-1.0,-1.0,2203,1.0,26.0
8.0,true,887100,361.0,-1.0,-1.0,1856,1.0,26.0
8.0,true,1313400,449.0,-1.0,-1.0,2587,1.0,26.0
8.0,true,785400,386.0,-1.0,-1.0,1759,1.0,26.0
8.0,true,1299000,547.0,-1.0,-1.0,2585,1.0,26.0
8.0,true,1014500,357.0,-1.0,-1.0,1781,1.0,26.0
8.0,true,935300,393.0,-1.0,-1.0,1779,1.0,26.0
8.0,true,1009000,460.0,-1.0,-1.0,2119,1.0,26.0
8.0,true,1414300,537.0,-1.0,-1.0,3062,1.0,26.0
8.0,true,688700,351.0,-1.0,-1.0,1506,1.0,26.0
8.0,true,1093800,454.0,-1.0,-1.0,2294,1.0,26.0
8.0,true,912700,448.0,-1.0,-1.0,2175,1.0,26.0
8.0,true,730800,451.0,-1.0,-1.0,1740,1.0,26.0
8.0,true,904700,402.0,-1.0,-1.0,1965,1.0,26.0
8.0,true,1360200,419.0,-1.0,-1.0,2805,1.0,26.0
8.0,true,1087900,382.0,-1.0,-1.0,2142,1.0,26.0
8.0,true,1238700,456.0,-1.0,-1.0,2622,1.0,26.0
8.0,true,1002100,374.0,-1.0,-1.0,1885,1.0,26.0
8.0,true,1447600,491.0,-1.0,-1.0,3064,1.0,26.0
8.0,true,507600,323.0,-1.0,-1.0,1140,1.0,26.0
8.0,true,1189400,442.0,-1.0,-1.0,2259,1.0,26.0
8.0,true,1563400,475.0,-1.0,-1.0,2422,1.0,26.0
8.0,true,1353400,385.0,-1.0,-1.0,2170,1.0,26.0
8.0,true,1655500,493.0,-1.0,-1.0,2562,1.0,26.0
8.0,true,1789300,480.0,-1.0,-1.0,2631,1.0,26.0
8.0,true,1559500,445.0,-1.0,-1.0,2054,1.0,26.0
8.0,true,1730500,337.0,-1.0,-1.0,1693,1.0,26.0
8.0,true,1875400,512.0,-1.0,-1.0,3087,1.0,26.0
8.0,true,1903200,486.0,-1.0,-1.0,2745,1.0,26.0
8.0,true,1161400,417.0,-1.0,-1.0,1684,1.0,26.0
8.0,true,1130900,422.0,-1.0,-1.0,1576,1.0,26.0
8.0,true,1389200,427.0,-1.0,-1.0,2078,1.0,26.0
8.0,true,1512400,378.0,-1.0,-1.0,2175,1.0,26.0
8.0,true,1724300,436.0,-1.0,-1.0,2566,1.0,26.0
8.0,true,1173300,419.0,-1.0,-1.0,1981,1.0,26.0
8.0,true,1193000,395.0,-1.0,-1.0,1928,1.0,26.0
8.0,true,1506100,539.0,-1.0,-1.0,2477,1.0,26.0
8.0,true,1551000,418.0,-1.0,-1.0,1905,1.0,26.0
8.0,true,1955000,450.0,-1.0,-1.0,2446,1.0,26.0
8.0,true,2140200,442.0,-1.0,-1.0,2876,1.0,26.0
8.0,true,1641200,489.0,-1.0,-1.0,2537,1.0,26.0
8.0,true,1503800,453.0,-1.0,-1.0,2412,1.0,26.0
9.0,true,1120200,387.0,-1.0,-1.0,2002,1.0,26.0
9.0,true,1185000,398.0,-1.0,-1.0,2144,1.0,26.0
9.0,true,838000,383.0,-1.0,-1.0,1385,1.0,26.0
9.0,true,1627000,452.0,-1.0,-1.0,2802,1.0,26.0
9.0,true,1494300,472.0,-1.0,-1.0,2946,1.0,26.0
9.0,true,1012900,474.0,-1.0,-1.0,1906,1.0,26.0
9.0,true,1299100,451.0,-1.0,-1.0,2772,1.0,26.0
9.0,true,1336300,515.0,-1.0,-1.0,2344,1.0,26.0
9.0,true,1668400,608.0,-1.0,-1.0,3127,1.0,26.0
9.0,true,1536300,496.0,-1.0,-1.0,2710,1.0,26.0
9.0,true,1372500,485.0,-1.0,-1.0,2551,1.0,26.0
9.0,true,1360700,455.0,-1.0,-1.0,2660,1.0,26.0
9.0,true,2068000,660.0,-1.0,-1.0,4173,1.0,26.0
9.0,true,1255000,412.0,-1.0,-1.0,2522,1.0,26.0
9.0,true,835700,362.0,-1.0,-1.0,1629,1.0,26.0
9.0,true,2126200,521.0,-1.0,-1.0,3202,1.0,26.0
9.0,true,773000,324.0,-1.0,-1.0,1381,1.0,26.0
9.0,true,1076400,361.0,-1.0,-1.0,1954,1.0,26.0
9.0,true,1147600,497.0,-1.0,-1.0,2322,1.0,26.0
9.0,true,1431100,473.0,-1.0,-1.0,2761,1.0,26.0
9.0,true,1551700,480.0,-1.0,-1.0,2952,1.0,26.0
9.0,true,732800,374.0,-1.0,-1.0,1666,1.0,26.0
9.0,true,1865100,377.0,-1.0,-1.0,2960,1.0,26.0
9.0,true,2127200,519.0,-1.0,-1.0,2761,1.0,26.0
9.0,true,1428600,455.0,-1.0,-1.0,2242,1.0,26.0
9.0,true,804500,381.0,-1.0,-1.0,1518,1.0,26.0
9.0,true,1315100,465.0,-1.0,-1.0,2640,1.0,26.0
9.0,true,1284500,377.0,-1.0,-1.0,2449,1.0,26.0
9.0,true,652600,395.0,-1.0,-1.0,1326,1.0,26.0
9.0,true,1060400,352.0,-1.0,-1.0,1941,1.0,26.0
9.0,true,1088100,410.0,-1.0,-1.0,2085,1.0,26.0
9.0,true,1770100,562.0,-1.0,-1.0,3264,1.0,26.0
9.0,true,1172200,420.0,-1.0,-1.0,2159,1.0,26.0
9.0,true,1659700,581.0,-1.0,-1.0,3069,1.0,26.0
9.0,true,1805600,573.0,-1.0,-1.0,3682,1.0,26.0
9.0,true,1379200,496.0,-1.0,-1.0,2808,1.0,26.0
9.0,true,1282600,466.0,-1.0,-1.0,2454,1.0,26.0
9.0,true,1231200,501.0,-1.0,-1.0,2527,1.0,26.0
9.0,true,1915500,557.0,-1.0,-1.0,3483,1.0,26.0
9.0,true,2529200,411.0,-1.0,-1.0,2562,1.0,26.0
9.0,true,1064300,380.0,-1.0,-1.0,1886,1.0,26.0
9.0,true,1028300,463.0,-1.0,-1.0,2306,1.0,26.0
9.0,true,1101900,469.0,-1.0,-1.0,2454,1.0,26.0
9.0,true,1330200,602.0,-1.0,-1.0,3108,1.0,26.0
9.0,true,1310700,469.0,-1.0,-1.0,2713,1.0,26.0
9.0,true,893000,405.0,-1.0,-1.0,1968,1.0,26.0
9.0,true,685800,424.0,-1.0,-1.0,1481,1.0,26.0
9.0,true,1057400,368.0,-1.0,-1.0,1981,1.0,26.0
9.0,true,1652600,485.0,-1.0,-1.0,2928,1.0,26.0
9.0,true,1415300,511.0,-1.0,-1.0,3177,1.0,26.0
9.0,true,1211100,512.0,-1.0,-1.0,2669,1.0,26.0
9.0,true,1020700,442.0,-1.0,-1.0,2346,1.0,26.0
9.0,true,927400,466.0,-1.0,-1.0,2119,1.0,26.0
9.0,true,1167500,533.0,-1.0,-1.0,2626,1.0,26.0
9.0,true,876700,351.0,-1.0,-1.0,1954,1.0,26.0
9.0,true,1803900,645.0,-1.0,-1.0,3981,1.0,26.0
9.0,true,1456500,501.0,-1.0,-1.0,2705,1.0,26.0
9.0,true,961200,437.0,-1.0,-1.0,2019,1.0,26.0
9.0,true,877100,402.0,-1.0,-1.0,2008,1.0,26.0
9.0,true,1059300,416.0,-1.0,-1.0,2141,1.0,26.0
9.0,true,832800,380.0,-1.0,-1.0,1638,1.0,26.0
9.0,true,1460400,567.0,-1.0,-1.0,3361,1.0,26.0
9.0,true,1253300,462.0,-1.0,-1.0,2880,1.0,26.0
9.0,true,1224300,491.0,-1.0,-1.0,2822,1.0,26.0
9.0,true,1170100,455.0,-1.0,-1.0,2675,1.0,26.0
9.0,true,1536400,510.0,-1.0,-1.0,2754,1.0,26.0
9.0,true,478700,333.0,-1.0,-1.0,1048,1.0,26.0
9.0,true,1727800,577.0,-1.0,-1.0,3734,1.0,26.0
9.0,true,908200,386.0,-1.0,-1.0,1896,1.0,26.0
9.0,true,967700,396.0,-1.0,-1.0,2081,1.0,26.0
9.0,true,1097700,445.0,-1.0,-1.0,2439,1.0,26.0
9.0,true,1255100,451.0,-1.0,-1.0,2706,1.0,26.0
9.0,true,1105700,401.0,-1.0,-1.0,2346,1.0,26.0
9.0,true,904800,426.0,-1.0,-1.0,1982,1.0,26.0
9.0,true,920700,409.0,-1.0,-1.0,2157,1.0,26.0
9.0,true,1540300,423.0,-1.0,-1.0,2155,1.0,26.0
9.0,true,2032200,635.0,-1.0,-1.0,3906,1.0,26.0
9.0,true,1256000,424.0,-1.0,-1.0,2338,1.0,26.0
9.0,true,894500,398.0,-1.0,-1.0,1919,1.0,26.0
9.0,true,1844600,629.0,-1.0,-1.0,4221,1.0,26.0
9.0,true,1525400,605.0,-1.0,-1.0,3282,1.0,26.0
9.0,true,917900,499.0,-1.0,-1.0,2088,1.0,26.0
9.0,true,1181100,492.0,-1.0,-1.0,2440,1.0,26.0
9.0,true,1130300,454.0,-1.0,-1.0,2157,1.0,26.0
9.0,true,1172700,352.0,-1.0,-1.0,2502,1.0,26.0
9.0,true,943600,389.0,-1.0,-1.0,1918,1.0,26.0
9.0,true,1201000,488.0,-1.0,-1.0,2442,1.0,26.0
9.0,true,1432100,451.0,-1.0,-1.0,2720,1.0,26.0
9.0,true,973800,397.0,-1.0,-1.0,1968,1.0,26.0
9.0,true,973800,406.0,-1.0,-1.0,2182,1.0,26.0
9.0,true,1030800,524.0,-1.0,-1.0,2337,1.0,26.0
9.0,true,1027400,479.0,-1.0,-1.0,2503,1.0,26.0
9.0,true,828800,358.0,-1.0,-1.0,1897,1.0,26.0
9.0,true,1875600,572.0,-1.0,-1.0,3380,1.0,26.0
9.0,true,1043800,424.0,-1.0,-1.0,2028,1.0,26.0
9.0,true,1720000,504.0,-1.0,-1.0,2874,1.0,26.0
9.0,true,1077400,419.0,-1.0,-1.0,2254,1.0,26.0
9.0,true,1793700,550.0,-1.0,-1.0,3602,1.0,26.0
9.0,true,847300,430.0,-1.0,-1.0,2011,1.0,26.0
9.0,true,1615800,586.0,-1.0,-1.0,3314,1.0,26.0
10.0,true,1199000,374.0,-1.0,-1.0,2668,1.0,26.0
10.0,true,1581100,460.0,-1.0,-1.0,3000,1.0,26.0
10.0,true,1092500,413.0,-1.0,-1.0,1902,1.0,26.0
10.0,true,1425300,484.0,-1.0,-1.0,2932,1.0,26.0
10.0,true,1784900,670.0,-1.0,-1.0,4005,1.0,26.0
10.0,true,1581700,535.0,-1.0,-1.0,3527,1.0,26.0
10.0,true,815700,436.0,-1.0,-1.0,1885,1.0,26.0
10.0,true,1337700,461.0,-1.0,-1.0,2908,1.0,26.0
10.0,true,1622100,550.0,-1.0,-1.0,3378,1.0,26.0
10.0,true,1955800,610.0,-1.0,-1.0,3229,1.0,26.0
10.0,true,1292200,505.0,-1.0,-1.0,2590,1.0,26.0
10.0,true,1161500,442.0,-1.0,-1.0,2496,1.0,26.0
10.0,true,1058600,409.0,-1.0,-1.0,1979,1.0,26.0
10.0,true,1395800,591.0,-1.0,-1.0,3098,1.0,26.0
10.0,true,1539700,592.0,-1.0,-1.0,3521,1.0,26.0
10.0,true,953700,466.0,-1.0,-1.0,2197,1.0,26.0
10.0,true,1498100,498.0,-1.0,-1.0,3545,1.0,26.0
10.0,true,1685700,445.0,-1.0,-1.0,2490,1.0,26.0
10.0,true,1774600,594.0,-1.0,-1.0,3407,1.0,26.0
10.0,true,1411400,493.0,-1.0,-1.0,2953,1.0,26.0
10.0,true,1079600,479.0,-1.0,-1.0,2293,1.0,26.0
10.0,true,1463400,543.0,-1.0,-1.0,3276,1.0,26.0
10.0,true,1900200,690.0,-1.0,-1.0,4421,1.0,26.0
10.0,true,1270200,561.0,-1.0,-1.0,2928,1.0,26.0
10.0,true,1197000,463.0,-1.0,-1.0,2528,1.0,26.0
10.0,true,1209500,396.0,-1.0,-1.0,2498,1.0,26.0
10.0,true,1824400,623.0,-1.0,-1.0,3716,1.0,26.0
10.0,true,1640100,474.0,-1.0,-1.0,3363,1.0,26.0
10.0,true,580200,352.0,-1.0,-1.0,1137,1.0,26.0
10.0,true,1102100,461.0,-1.0,-1.0,2345,1.0,26.0
10.0,true,1365600,537.0,-1.0,-1.0,2984,1.0,26.0
10.0,true,732500,383.0,-1.0,-1.0,1691,1.0,26.0
10.0,true,1233800,493.0,-1.0,-1.0,2693,1.0,26.0
10.0,true,1685000,600.0,-1.0,-1.0,3423,1.0,26.0
10.0,true,1420600,552.0,-1.0,-1.0,3029,1.0,26.0
10.0,true,1038800,373.0,-1.0,-1.0,2096,1.0,26.0
10.0,true,749700,430.0,-1.0,-1.0,1720,1.0,26.0
10.0,true,1400700,449.0,-1.0,-1.0,3022,1.0,26.0
10.0,true,1572700,510.0,-1.0,-1.0,3522,1.0,26.0
10.0,true,1017900,408.0,-1.0,-1.0,2135,1.0,26.0
10.0,true,1681900,582.0,-1.0,-1.0,3637,1.0,26.0
10.0,true,1132600,516.0,-1.0,-1.0,2739,1.0,26.0
10.0,true,1014400,460.0,-1.0,-1.0,2172,1.0,26.0
10.0,true,2124900,615.0,-1.0,-1.0,4377,1.0,26.0
10.0,true,1520500,557.0,-1.0,-1.0,3267,1.0,26.0
10.0,true,1593700,491.0,-1.0,-1.0,3096,1.0,26.0
10.0,true,1500300,578.0,-1.0,-1.0,3364,1.0,26.0
10.0,true,1359000,418.0,-1.0,-1.0,3064,1.0,26.0
10.0,true,1189600,472.0,-1.0,-1.0,2719,1.0,26.0
10.0,true,1263800,545.0,-1.0,-1.0,2980,1.0,26.0
10.0,true,675700,331.0,-1.0,-1.0,1563,1.0,26.0
10.0,true,809000,395.0,-1.0,-1.0,1827,1.0,26.0
10.0,true,1893700,582.0,-1.0,-1.0,3395,1.0,26.0
10.0,true,1856000,525.0,-1.0,-1.0,3265,1.0,26.0
10.0,true,1461600,587.0,-1.0,-1.0,3218,1.0,26.0
10.0,true,1700300,565.0,-1.0,-1.0,3729,1.0,26.0
10.0,true,1607000,611.0,-1.0,-1.0,3446,1.0,26.0
10.0,true,1096100,530.0,-1.0,-1.0,2561,1.0,26.0
10.0,true,1107100,444.0,-1.0,-1.0,2440,1.0,26.0
10.0,true,2769000,427.0,-1.0,-1.0,2513,1.0,26.0
10.0,true,1657100,424.0,-1.0,-1.0,2080,1.0,26.0
10.0,true,6246000,530.0,-1.0,-1.0,3158,1.0,26.0
10.0,true,1790700,523.0,-1.0,-1.0,2941,1.0,26.0
10.0,true,1374400,486.0,-1.0,-1.0,2675,1.0,26.0
10.0,true,1547100,476.0,-1.0,-1.0,2666,1.0,26.0
10.0,true,1480600,538.0,-1.0,-1.0,2904,1.0,26.0
10.0,true,1782400,689.0,-1.0,-1.0,3986,1.0,26.0
10.0,true,1766400,462.0,-1.0,-1.0,2630,1.0,26.0
10.0,true,1087200,453.0,-1.0,-1.0,2335,1.0,26.0
10.0,true,1174200,410.0,-1.0,-1.0,2587,1.0,26.0
10.0,true,2339300,679.0,-1.0,-1.0,4259,1.0,26.0
10.0,true,1565300,468.0,-1.0,-1.0,2327,1.0,26.0
10.0,true,1629600,513.0,-1.0,-1.0,3355,1.0,26.0
10.0,true,1585500,538.0,-1.0,-1.0,3350,1.0,26.0
10.0,true,1268100,410.0,-1.0,-1.0,2593,1.0,26.0
10.0,true,1313800,476.0,-1.0,-1.0,2862,1.0,26.0
10.0,true,2178100,557.0,-1.0,-1.0,3772,1.0,26.0
10.0,true,1275900,440.0,-1.0,-1.0,2426,1.0,26.0
10.0,true,1055900,400.0,-1.0,-1.0,2217,1.0,26.0
10.0,true,1117900,467.0,-1.0,-1.0,2321,1.0,26.0
10.0,true,1305700,445.0,-1.0,-1.0,2712,1.0,26.0
10.0,true,1200900,517.0,-1.0,-1.0,2816,1.0,26.0
10.0,true,968500,375.0,-1.0,-1.0,2189,1.0,26.0
10.0,true,1423200,456.0,-1.0,-1.0,3092,1.0,26.0
10.0,true,1452000,583.0,-1.0,-1.0,3401,1.0,26.0
10.0,true,1480700,543.0,-1.0,-1.0,3291,1.0,26.0
10.0,true,2057100,676.0,-1.0,-1.0,4192,1.0,26.0
10.0,true,1753300,589.0,-1.0,-1.0,3292,1.0,26.0
10.0,true,1445700,530.0,-1.0,-1.0,2897,1.0,26.0
10.0,true,1412900,584.0,-1.0,-1.0,3113,1.0,26.0
10.0,true,1399700,566.0,-1.0,-1.0,3129,1.0,26.0
10.0,true,1517900,552.0,-1.0,-1.0,3391,1.0,26.0
10.0,true,1257500,513.0,-1.0,-1.0,2755,1.0,26.0
10.0,true,1293200,507.0,-1.0,-1.0,2850,1.0,26.0
10.0,true,2328200,522.0,-1.0,-1.0,3475,1.0,26.0
10.0,true,1387800,478.0,-1.0,-1.0,2158,1.0,26.0
10.0,true,3096100,550.0,-1.0,-1.0,3877,1.0,26.0
10.0,true,1427600,489.0,-1.0,-1.0,2637,1.0,26.0
10.0,true,1664500,618.0,-1.0,-1.0,3536,1.0,26.0
10.0,true,1405200,532.0,-1.0,-1.0,2941,1.0,26.0
11.0,true,1733500,493.0,-1.0,-1.0,2789,1.0,26.0
11.0,true,1782100,415.0,-1.0,-1.0,2329,1.0,26.0
11.0,true,2042000,417.0,-1.0,-1.0,2469,1.0,26.0
11.0,true,2580600,606.0,-1.0,-1.0,3700,1.0,26.0
11.0,true,1534900,512.0,-1.0,-1.0,3342,1.0,26.0
11.0,true,1686300,543.0,-1.0,-1.0,3463,1.0,26.0
11.0,true,1366500,473.0,-1.0,-1.0,2478,1.0,26.0
11.0,true,1886800,524.0,-1.0,-1.0,3041,1.0,26.0
11.0,true,1490500,509.0,-1.0,-1.0,2640,1.0,26.0
11.0,true,1174700,451.0,-1.0,-1.0,2104,1.0,26.0
11.0,true,2469600,494.0,-1.0,-1.0,3535,1.0,26.0
11.0,true,1662700,566.0,-1.0,-1.0,3555,1.0,26.0
11.0,true,1673200,592.0,-1.0,-1.0,3567,1.0,26.0
11.0,true,1462500,412.0,-1.0,-1.0,3168,1.0,26.0
11.0,true,2416700,654.0,-1.0,-1.0,3999,1.0,26.0
11.0,true,1721700,484.0,-1.0,-1.0,2509,1.0,26.0
11.0,true,1817900,500.0,-1.0,-1.0,3015,1.0,26.0
11.0,true,1654900,694.0,-1.0,-1.0,3810,1.0,26.0
11.0,true,1861800,591.0,-1.0,-1.0,3998,1.0,26.0
11.0,true,2187800,491.0,-1.0,-1.0,2741,1.0,26.0
11.0,true,2584900,513.0,-1.0,-1.0,2885,1.0,26.0
11.0,true,1498100,447.0,-1.0,-1.0,2970,1.0,26.0
11.0,true,1441700,532.0,-1.0,-1.0,3187,1.0,26.0
11.0,true,1199700,440.0,-1.0,-1.0,2577,1.0,26.0
11.0,true,2046100,579.0,-1.0,-1.0,3109,1.0,26.0
11.0,true,2187800,492.0,-1.0,-1.0,2883,1.0,26.0
11.0,true,2574900,599.0,-1.0,-1.0,3488,1.0,26.0
11.0,true,1107600,508.0,-1.0,-1.0,2574,1.0,26.0
11.0,true,915800,406.0,-1.0,-1.0,1986,1.0,26.0
11.0,true,1777200,525.0,-1.0,-1.0,3888,1.0,26.0
11.0,true,2467800,566.0,-1.0,-1.0,4324,1.0,26.0
11.0,true,1746900,427.0,-1.0,-1.0,2255,1.0,26.0
11.0,true,2596300,519.0,-1.0,-1.0,3298,1.0,26.0
11.0,true,1612400,676.0,-1.0,-1.0,3854,1.0,26.0
11.0,true,1196800,526.0,-1.0,-1.0,2817,1.0,26.0
11.0,true,1269900,450.0,-1.0,-1.0,2799,1.0,26.0
11.0,true,1507000,576.0,-1.0,-1.0,3080,1.0,26.0
11.0,true,2640500,652.0,-1.0,-1.0,3733,1.0,26.0
11.0,true,1459700,477.0,-1.0,-1.0,2950,1.0,26.0
11.0,true,1572600,534.0,-1.0,-1.0,3362,1.0,26.0
11.0,true,2055400,544.0,-1.0,-1.0,3871,1.0,26.0
11.0,true,1075400,498.0,-1.0,-1.0,2497,1.0,26.0
11.0,true,1578700,528.0,-1.0,-1.0,3342,1.0,26.0
11.0,true,1272300,537.0,-1.0,-1.0,2944,1.0,26.0
11.0,true,1923900,597.0,-1.0,-1.0,3118,1.0,26.0
11.0,true,2575900,591.0,-1.0,-1.0,3470,1.0,26.0
11.0,true,1690300,411.0,-1.0,-1.0,2184,1.0,26.0
11.0,true,2031600,489.0,-1.0,-1.0,2684,1.0,26.0
11.0,true,2578800,574.0,-1.0,-1.0,3227,1.0,26.0
11.0,true,1586100,396.0,-1.0,-1.0,2012,1.0,26.0
11.0,true,1805300,534.0,-1.0,-1.0,3188,1.0,26.0
11.0,true,2747300,601.0,-1.0,-1.0,3648,1.0,26.0
11.0,true,2140600,484.0,-1.0,-1.0,2844,1.0,26.0
11.0,true,903800,421.0,-1.0,-1.0,1860,1.0,26.0
11.0,true,1627800,651.0,-1.0,-1.0,3824,1.0,26.0
11.0,true,1558500,493.0,-1.0,-1.0,3294,1.0,26.0
11.0,true,2562500,703.0,-1.0,-1.0,4070,1.0,26.0
11.0,true,1119000,468.0,-1.0,-1.0,2486,1.0,26.0
11.0,true,1511600,507.0,-1.0,-1.0,3345,1.0,26.0
11.0,true,1390100,566.0,-1.0,-1.0,3086,1.0,26.0
11.0,true,1493000,549.0,-1.0,-1.0,3281,1.0,26.0
11.0,true,1413600,557.0,-1.0,-1.0,3248,1.0,26.0
11.0,true,1713900,611.0,-1.0,-1.0,3875,1.0,26.0
11.0,true,2281400,699.0,-1.0,-1.0,4571,1.0,26.0
11.0,true,1397600,524.0,-1.0,-1.0,2927,1.0,26.0
11.0,true,996100,447.0,-1.0,-1.0,2304,1.0,26.0
11.0,true,1526300,547.0,-1.0,-1.0,3191,1.0,26.0
11.0,true,1285100,488.0,-1.0,-1.0,2865,1.0,26.0
11.0,true,1238900,474.0,-1.0,-1.0,2571,1.0,26.0
11.0,true,3215000,553.0,-1.0,-1.0,3706,1.0,26.0
11.0,true,2646100,554.0,-1.0,-1.0,3647,1.0,26.0
11.0,true,1605600,558.0,-1.0,-1.0,3677,1.0,26.0
11.0,true,1726500,595.0,-1.0,-1.0,3768,1.0,26.0
11.0,true,1556200,687.0,-1.0,-1.0,3442,1.0,26.0
11.0,true,1435300,462.0,-1.0,-1.0,2653,1.0,26.0
11.0,true,1930000,543.0,-1.0,-1.0,3645,1.0,26.0
11.0,true,951200,409.0,-1.0,-1.0,1885,1.0,26.0
11.0,true,1458800,472.0,-1.0,-1.0,2436,1.0,26.0
11.0,true,1433600,506.0,-1.0,-1.0,2626,1.0,26.0
11.0,true,1614900,565.0,-1.0,-1.0,3138,1.0,26.0
11.0,true,2362100,530.0,-1.0,-1.0,2791,1.0,26.0
11.0,true,2126100,495.0,-1.0,-1.0,2722,1.0,26.0
11.0,true,974900,439.0,-1.0,-1.0,1944,1.0,26.0
11.0,true,2114700,542.0,-1.0,-1.0,3576,1.0,26.0
11.0,true,3090300,668.0,-1.0,-1.0,3983,1.0,26.0
11.0,true,2430000,579.0,-1.0,-1.0,3225,1.0,26.0
11.0,true,1167400,490.0,-1.0,-1.0,2408,1.0,26.0
11.0,true,2989500,569.0,-1.0,-1.0,3858,1.0,26.0
11.0,true,2037700,644.0,-1.0,-1.0,3936,1.0,26.0
11.0,true,1450700,486.0,-1.0,-1.0,2850,1.0,26.0
11.0,true,1377900,629.0,-1.0,-1.0,3376,1.0,26.0
11.0,true,1707900,623.0,-1.0,-1.0,3869,1.0,26.0
11.0,true,1087600,536.0,-1.0,-1.0,2548,1.0,26.0
11.0,true,950300,426.0,-1.0,-1.0,1995,1.0,26.0
11.0,true,1487600,577.0,-1.0,-1.0,3023,1.0,26.0
11.0,true,1195900,438.0,-1.0,-1.0,2436,1.0,26.0
11.0,true,1500300,564.0,-1.0,-1.0,2962,1.0,26.0
11.0,true,1067800,446.0,-1.0,-1.0,2403,1.0,26.0
11.0,true,943900,474.0,-1.0,-1.0,2055,1.0,26.0
11.0,true,2648400,567.0,-1.0,-1.0,3288,1.0,26.0
12.0,true,2138300,605.0,-1.0,-1.0,3411,1.0,26.0
12.0,true,1589000,590.0,-1.0,-1.0,3629,1.0,26.0
12.0,true,1758700,695.0,-1.0,-1.0,4085,1.0,26.0
12.0,true,1485300,623.0,-1.0,-1.0,3030,1.0,26.0
12.0,true,1420900,570.0,-1.0,-1.0,3271,1.0,26.0
12.0,true,1609100,530.0,-1.0,-1.0,3301,1.0,26.0
12.0,true,2252100,464.0,-1.0,-1.0,2395,1.0,26.0
12.0,true,3779800,716.0,-1.0,-1.0,4461,1.0,26.0
12.0,true,2397400,466.0,-1.0,-1.0,2312,1.0,26.0
12.0,true,2708900,438.0,-1.0,-1.0,2666,1.0,26.0
12.0,true,3354800,583.0,-1.0,-1.0,3438,1.0,26.0
12.0,true,3539800,457.0,-1.0,-1.0,3169,1.0,26.0
12.0,true,3227400,527.0,-1.0,-1.0,3264,1.0,26.0
12.0,true,3075400,557.0,-1.0,-1.0,3104,1.0,26.0
12.0,true,3952200,611.0,-1.0,-1.0,3954,1.0,26.0
12.0,true,4372100,714.0,-1.0,-1.0,4392,1.0,26.0
12.0,true,3592900,524.0,-1.0,-1.0,3894,1.0,26.0
12.0,true,1434500,343.0,-1.0,-1.0,1910,1.0,26.0
12.0,true,2314500,624.0,-1.0,-1.0,3253,1.0,26.0
12.0,true,2042700,554.0,-1.0,-1.0,3448,1.0,26.0
12.0,true,1615500,494.0,-1.0,-1.0,2592,1.0,26.0
12.0,true,2327000,496.0,-1.0,-1.0,3344,1.0,26.0
12.0,true,4717000,650.0,-1.0,-1.0,4448,1.0,26.0
12.0,true,5861500,754.0,-1.0,-1.0,4660,1.0,26.0
12.0,true,3458100,612.0,-1.0,-1.0,3821,1.0,26.0
12.0,true,3032300,571.0,-1.0,-1.0,3452,1.0,26.0
12.0,true,2353300,568.0,-1.0,-1.0,3687,1.0,26.0
12.0,true,4930800,509.0,-1.0,-1.0,2547,1.0,26.0
12.0,true,2151800,592.0,-1.0,-1.0,3695,1.0,26.0
12.0,true,1809100,481.0,-1.0,-1.0,3104,1.0,26.0
12.0,true,2144500,564.0,-1.0,-1.0,3705,1.0,26.0
12.0,true,1915700,544.0,-1.0,-1.0,3689,1.0,26.0
12.0,true,1847100,604.0,-1.0,-1.0,4025,1.0,26.0
12.0,true,1326200,504.0,-1.0,-1.0,2812,1.0,26.0
12.0,true,1970400,746.0,-1.0,-1.0,3760,1.0,26.0
12.0,true,2506800,518.0,-1.0,-1.0,3189,1.0,26.0
12.0,true,3794200,686.0,-1.0,-1.0,4353,1.0,26.0
12.0,true,2754900,665.0,-1.0,-1.0,3802,1.0,26.0
12.0,true,2829700,549.0,-1.0,-1.0,3658,1.0,26.0
12.0,true,1382500,445.0,-1.0,-1.0,2742,1.0,26.0
12.0,true,2244400,629.0,-1.0,-1.0,4198,1.0,26.0
12.0,true,1198200,390.0,-1.0,-1.0,2390,1.0,26.0
12.0,true,1618800,648.0,-1.0,-1.0,3676,1.0,26.0
12.0,true,2230200,643.0,-1.0,-1.0,4090,1.0,26.0
12.0,true,1222500,447.0,-1.0,-1.0,2406,1.0,26.0
12.0,true,999700,392.0,-1.0,-1.0,2248,1.0,26.0
12.0,true,2160200,538.0,-1.0,-1.0,3614,1.0,26.0
12.0,true,1717400,597.0,-1.0,-1.0,3640,1.0,26.0
12.0,true,1296300,569.0,-1.0,-1.0,2702,1.0,26.0
12.0,true,2180600,709.0,-1.0,-1.0,3859,1.0,26.0
12.0,true,2132100,642.0,-1.0,-1.0,4228,1.0,26.0
12.0,true,1438300,551.0,-1.0,-1.0,3185,1.0,26.0
12.0,true,1628500,539.0,-1.0,-1.0,3183,1.0,26.0
12.0,true,2129100,633.0,-1.0,-1.0,4377,1.0,26.0
12.0,true,1823700,597.0,-1.0,-1.0,3567,1.0,26.0
12.0,true,1545800,637.0,-1.0,-1.0,3553,1.0,26.0
12.0,true,1709500,485.0,-1.0,-1.0,3908,1.0,26.0
12.0,true,1362900,498.0,-1.0,-1.0,2945,1.0,26.0
12.0,true,2435500,585.0,-1.0,-1.0,3645,1.0,26.0
12.0,true,3427000,480.0,-1.0,-1.0,3333,1.0,26.0
12.0,true,1791300,669.0,-1.0,-1.0,3780,1.0,26.0
12.0,true,1608900,579.0,-1.0,-1.0,3370,1.0,26.0
12.0,true,1145200,460.0,-1.0,-1.0,2442,1.0,26.0
12.0,true,1931600,498.0,-1.0,-1.0,3661,1.0,26.0
12.0,true,2109700,631.0,-1.0,-1.0,3288,1.0,26.0
12.0,true,1572000,544.0,-1.0,-1.0,3503,1.0,26.0
12.0,true,1499700,535.0,-1.0,-1.0,3192,1.0,26.0
12.0,true,1285200,526.0,-1.0,-1.0,2923,1.0,26.0
12.0,true,1724700,506.0,-1.0,-1.0,2541,1.0,26.0
12.0,true,2101000,491.0,-1.0,-1.0,3134,1.0,26.0
12.0,true,3449600,555.0,-1.0,-1.0,4257,1.0,26.0
12.0,true,2634900,627.0,-1.0,-1.0,3559,1.0,26.0
12.0,true,2975100,706.0,-1.0,-1.0,4029,1.0,26.0
12.0,true,2634900,580.0,-1.0,-1.0,3422,1.0,26.0
12.0,true,1984000,777.0,-1.0,-1.0,4283,1.0,26.0
12.0,true,2065100,534.0,-1.0,-1.0,3842,1.0,26.0
12.0,true,2043300,610.0,-1.0,-1.0,3409,1.0,26.0
12.0,true,1465700,627.0,-1.0,-1.0,3487,1.0,26.0
12.0,true,1440700,614.0,-1.0,-1.0,3365,1.0,26.0
12.0,true,1141100,508.0,-1.0,-1.0,2399,1.0,26.0
12.0,true,1235200,481.0,-1.0,-1.0,2728,1.0,26.0
12.0,true,1583100,589.0,-1.0,-1.0,3146,1.0,26.0
12.0,true,1121000,405.0,-1.0,-1.0,2331,1.0,26.0
12.0,true,1606500,602.0,-1.0,-1.0,3623,1.0,26.0
12.0,true,1355200,562.0,-1.0,-1.0,3127,1.0,26.0
12.0,true,1504600,645.0,-1.0,-1.0,3480,1.0,26.0
12.0,true,1165800,527.0,-1.0,-1.0,2690,1.0,26.0
12.0,true,2641800,591.0,-1.0,-1.0,3384,1.0,26.0
12.0,true,1280500,489.0,-1.0,-1.0,2861,1.0,26.0
12.0,true,645900,385.0,-1.0,-1.0,1392,1.0,26.0
12.0,true,884300,389.0,-1.0,-1.0,1914,1.0,26.0
12.0,true,1148900,573.0,-1.0,-1.0,2722,1.0,26.0
12.0,true,1402500,543.0,-1.0,-1.0,2664,1.0,26.0
12.0,true,1458200,439.0,-1.0,-1.0,2540,1.0,26.0
12.0,true,3187200,670.0,-1.0,-1.0,3825,1.0,26.0
12.0,true,1765300,568.0,-1.0,-1.0,3580,1.0,26.0
12.0,true,1468600,457.0,-1.0,-1.0,3283,1.0,26.0
12.0,true,1223200,498.0,-1.0,-1.0,2443,1.0,26.0
12.0,true,1562900,600.0,-1.0,-1.0,3439,1.0,26.0
12.0,true,1205300,435.0,-1.0,-1.0,2473,1.0,26.0
13.0,true,1408700,524.0,-1.0,-1.0,2962,1.0,26.0
13.0,true,1886900,567.0,-1.0,-1.0,3731,1.0,26.0
13.0,true,1592100,523.0,-1.0,-1.0,2988,1.0,26.0
13.0,true,1843300,594.0,-1.0,-1.0,3837,1.0,26.0
13.0,true,1147100,534.0,-1.0,-1.0,2581,1.0,26.0
13.0,true,1385700,519.0,-1.0,-1.0,3161,1.0,26.0
13.0,true,1423500,643.0,-1.0,-1.0,3249,1.0,26.0
13.0,true,2576400,646.0,-1.0,-1.0,4055,1.0,26.0
13.0,true,2516000,583.0,-1.0,-1.0,4814,1.0,26.0
13.0,true,1478000,571.0,-1.0,-1.0,3010,1.0,26.0
13.0,true,1638000,611.0,-1.0,-1.0,3365,1.0,26.0
13.0,true,1210100,545.0,-1.0,-1.0,2826,1.0,26.0
13.0,true,1754000,599.0,-1.0,-1.0,4030,1.0,26.0
13.0,true,1604900,567.0,-1.0,-1.0,3463,1.0,26.0
13.0,true,1561800,578.0,-1.0,-1.0,3260,1.0,26.0
13.0,true,2379300,674.0,-1.0,-1.0,3703,1.0,26.0
13.0,true,1488900,478.0,-1.0,-1.0,2890,1.0,26.0
13.0,true,1836900,655.0,-1.0,-1.0,4126,1.0,26.0
13.0,true,1552000,568.0,-1.0,-1.0,3579,1.0,26.0
13.0,true,1211400,567.0,-1.0,-1.0,2841,1.0,26.0
13.0,true,2390700,747.0,-1.0,-1.0,5098,1.0,26.0
13.0,true,1781200,499.0,-1.0,-1.0,3240,1.0,26.0
13.0,true,1793900,545.0,-1.0,-1.0,3588,1.0,26.0
13.0,true,1186300,431.0,-1.0,-1.0,2453,1.0,26.0
13.0,true,1359600,533.0,-1.0,-1.0,3109,1.0,26.0
13.0,true,1619800,572.0,-1.0,-1.0,3575,1.0,26.0
13.0,true,1586600,590.0,-1.0,-1.0,3659,1.0,26.0
13.0,true,2437300,790.0,-1.0,-1.0,4995,1.0,26.0
13.0,true,2379500,642.0,-1.0,-1.0,4927,1.0,26.0
13.0,true,1562300,503.0,-1.0,-1.0,3322,1.0,26.0
13.0,true,1662100,618.0,-1.0,-1.0,3704,1.0,26.0
13.0,true,1352900,634.0,-1.0,-1.0,3402,1.0,26.0
13.0,true,1574000,388.0,-1.0,-1.0,1996,1.0,26.0
13.0,true,1434200,507.0,-1.0,-1.0,3139,1.0,26.0
13.0,true,1341900,523.0,-1.0,-1.0,2706,1.0,26.0
13.0,true,1624500,517.0,-1.0,-1.0,3520,1.0,26.0
13.0,true,1214200,491.0,-1.0,-1.0,2776,1.0,26.0
13.0,true,1569900,584.0,-1.0,-1.0,3575,1.0,26.0
13.0,true,1767200,666.0,-1.0,-1.0,4073,1.0,26.0
13.0,true,1719100,607.0,-1.0,-1.0,3641,1.0,26.0
13.0,true,1860200,519.0,-1.0,-1.0,3573,1.0,26.0
13.0,true,2548200,708.0,-1.0,-1.0,4681,1.0,26.0
13.0,true,1606600,634.0,-1.0,-1.0,3571,1.0,26.0
13.0,true,1494800,563.0,-1.0,-1.0,3363,1.0,26.0
13.0,true,1753500,446.0,-1.0,-1.0,3700,1.0,26.0
13.0,true,1823300,696.0,-1.0,-1.0,4251,1.0,26.0
13.0,true,1996800,554.0,-1.0,-1.0,4063,1.0,26.0
13.0,true,1233800,409.0,-1.0,-1.0,2451,1.0,26.0
13.0,true,1446600,495.0,-1.0,-1.0,3078,1.0,26.0
13.0,true,973000,351.0,-1.0,-1.0,1931,1.0,26.0
13.0,true,1845000,752.0,-1.0,-1.0,4015,1.0,26.0
13.0,true,1842800,606.0,-1.0,-1.0,4225,1.0,26.0
13.0,true,1663400,635.0,-1.0,-1.0,3946,1.0,26.0
13.0,true,1783200,559.0,-1.0,-1.0,3763,1.0,26.0
13.0,true,1945000,674.0,-1.0,-1.0,3988,1.0,26.0
13.0,true,1841900,675.0,-1.0,-1.0,3994,1.0,26.0
13.0,true,1859300,551.0,-1.0,-1.0,3876,1.0,26.0
13.0,true,1465100,452.0,-1.0,-1.0,3105,1.0,26.0
13.0,true,808000,392.0,-1.0,-1.0,1864,1.0,26.0
13.0,true,1703500,507.0,-1.0,-1.0,3809,1.0,26.0
13.0,true,1819300,725.0,-1.0,-1.0,4311,1.0,26.0
13.0,true,1553100,496.0,-1.0,-1.0,3276,1.0,26.0
13.0,true,1577400,528.0,-1.0,-1.0,3335,1.0,26.0
13.0,true,1672800,574.0,-1.0,-1.0,3623,1.0,26.0
13.0,true,2188900,627.0,-1.0,-1.0,4021,1.0,26.0
13.0,true,1754800,517.0,-1.0,-1.0,3673,1.0,26.0
13.0,true,2405400,750.0,-1.0,-1.0,5703,1.0,26.0
13.0,true,1771500,504.0,-1.0,-1.0,3230,1.0,26.0
13.0,true,1586000,528.0,-1.0,-1.0,3236,1.0,26.0
13.0,true,1088600,477.0,-1.0,-1.0,2466,1.0,26.0
13.0,true,1780600,611.0,-1.0,-1.0,3864,1.0,26.0
13.0,true,1954500,603.0,-1.0,-1.0,4442,1.0,26.0
13.0,true,1391700,539.0,-1.0,-1.0,3077,1.0,26.0
13.0,true,2069100,630.0,-1.0,-1.0,3864,1.0,26.0
13.0,true,1670500,550.0,-1.0,-1.0,3405,1.0,26.0
13.0,true,2244100,704.0,-1.0,-1.0,4769,1.0,26.0
13.0,true,1776100,709.0,-1.0,-1.0,4087,1.0,26.0
13.0,true,1482900,488.0,-1.0,-1.0,3268,1.0,26.0
13.0,true,2222300,832.0,-1.0,-1.0,5518,1.0,26.0
13.0,true,1413600,519.0,-1.0,-1.0,2914,1.0,26.0
13.0,true,6740100,637.0,-1.0,-1.0,4551,1.0,26.0
13.0,true,1641500,619.0,-1.0,-1.0,3634,1.0,26.0
13.0,true,1847100,678.0,-1.0,-1.0,4186,1.0,26.0
13.0,true,1584100,529.0,-1.0,-1.0,3693,1.0,26.0
13.0,true,2439900,601.0,-1.0,-1.0,4003,1.0,26.0
13.0,true,1962000,595.0,-1.0,-1.0,3458,1.0,26.0
13.0,true,2192800,540.0,-1.0,-1.0,2933,1.0,26.0
13.0,true,1788300,580.0,-1.0,-1.0,3775,1.0,26.0
13.0,true,1100800,538.0,-1.0,-1.0,2661,1.0,26.0
13.0,true,1004600,476.0,-1.0,-1.0,2396,1.0,26.0
13.0,true,1938100,632.0,-1.0,-1.0,3749,1.0,26.0
13.0,true,1492800,513.0,-1.0,-1.0,3096,1.0,26.0
13.0,true,2553500,600.0,-1.0,-1.0,3254,1.0,26.0
13.0,true,1672200,591.0,-1.0,-1.0,3787,1.0,26.0
13.0,true,1762900,619.0,-1.0,-1.0,4079,1.0,26.0
13.0,true,1216000,550.0,-1.0,-1.0,2787,1.0,26.0
13.0,true,2491200,743.0,-1.0,-1.0,5100,1.0,26.0
13.0,true,1324500,531.0,-1.0,-1.0,2708,1.0,26.0
13.0,true,1726700,667.0,-1.0,-1.0,4106,1.0,26.0
13.0,true,1944100,646.0,-1.0,-1.0,4468,1.0,26.0
14.0,true,1204200,471.0,-1.0,-1.0,2806,1.0,26.0
14.0,true,2182000,575.0,-1.0,-1.0,4184,1.0,26.0
14.0,true,1548600,480.0,-1.0,-1.0,3115,1.0,26.0
14.0,true,1810200,601.0,-1.0,-1.0,3613,1.0,26.0
14.0,true,2370400,651.0,-1.0,-1.0,4352,1.0,26.0
14.0,true,2999400,805.0,-1.0,-1.0,5235,1.0,26.0
14.0,true,2142000,767.0,-1.0,-1.0,4726,1.0,26.0
14.0,true,2730000,778.0,-1.0,-1.0,4961,1.0,26.0
14.0,true,2779700,630.0,-1.0,-1.0,3956,1.0,26.0
14.0,true,1589600,648.0,-1.0,-1.0,3582,1.0,26.0
14.0,true,2213300,693.0,-1.0,-1.0,4995,1.0,26.0
14.0,true,2115300,630.0,-1.0,-1.0,4320,1.0,26.0
14.0,true,1677600,554.0,-1.0,-1.0,3256,1.0,26.0
14.0,true,3511400,765.0,-1.0,-1.0,4599,1.0,26.0
14.0,true,1447600,563.0,-1.0,-1.0,3427,1.0,26.0
14.0,true,2110100,821.0,-1.0,-1.0,5178,1.0,26.0
14.0,true,1442100,497.0,-1.0,-1.0,3157,1.0,26.0
14.0,true,2610400,581.0,-1.0,-1.0,3590,1.0,26.0
14.0,true,2750900,647.0,-1.0,-1.0,4503,1.0,26.0
14.0,true,3058100,648.0,-1.0,-1.0,3769,1.0,26.0
14.0,true,1744500,666.0,-1.0,-1.0,3971,1.0,26.0
14.0,true,2422800,778.0,-1.0,-1.0,5688,1.0,26.0
14.0,true,1627100,520.0,-1.0,-1.0,3599,1.0,26.0
14.0,true,2643700,768.0,-1.0,-1.0,5264,1.0,26.0
14.0,true,2409400,663.0,-1.0,-1.0,4933,1.0,26.0
14.0,true,1613000,557.0,-1.0,-1.0,3225,1.0,26.0
14.0,true,2072100,536.0,-1.0,-1.0,4226,1.0,26.0
14.0,true,2105200,676.0,-1.0,-1.0,4376,1.0,26.0
14.0,true,2787900,765.0,-1.0,-1.0,5167,1.0,26.0
14.0,true,1808800,587.0,-1.0,-1.0,4054,1.0,26.0
14.0,true,1645900,514.0,-1.0,-1.0,3811,1.0,26.0
14.0,true,1134900,478.0,-1.0,-1.0,2755,1.0,26.0
14.0,true,2198200,667.0,-1.0,-1.0,4762,1.0,26.0
14.0,true,1881000,774.0,-1.0,-1.0,4113,1.0,26.0
14.0,true,2176300,626.0,-1.0,-1.0,4608,1.0,26.0
14.0,true,1738900,599.0,-1.0,-1.0,3785,1.0,26.0
14.0,true,1717300,645.0,-1.0,-1.0,4061,1.0,26.0
14.0,true,1890000,715.0,-1.0,-1.0,4701,1.0,26.0
14.0,true,2641800,935.0,-1.0,-1.0,5724,1.0,26.0
14.0,true,2361500,616.0,-1.0,-1.0,4202,1.0,26.0
14.0,true,2100700,703.0,-1.0,-1.0,4219,1.0,26.0
14.0,true,752800,305.0,-1.0,-1.0,1536,1.0,26.0
14.0,true,1852700,749.0,-1.0,-1.0,4513,1.0,26.0
14.0,true,1872200,685.0,-1.0,-1.0,4195,1.0,26.0
14.0,true,2646900,738.0,-1.0,-1.0,5708,1.0,26.0
14.0,true,2266700,631.0,-1.0,-1.0,3206,1.0,26.0
14.0,true,2593000,682.0,-1.0,-1.0,5145,1.0,26.0
14.0,true,2609800,724.0,-1.0,-1.0,5478,1.0,26.0
14.0,true,1755700,679.0,-1.0,-1.0,4041,1.0,26.0
14.0,true,2219900,515.0,-1.0,-1.0,2587,1.0,26.0
14.0,true,2357500,690.0,-1.0,-1.0,4445,1.0,26.0
14.0,true,1937500,743.0,-1.0,-1.0,4454,1.0,26.0
14.0,true,2423200,604.0,-1.0,-1.0,5521,1.0,26.0
14.0,true,2151300,667.0,-1.0,-1.0,4885,1.0,26.0
14.0,true,1626400,534.0,-1.0,-1.0,3271,1.0,26.0
14.0,true,1623100,598.0,-1.0,-1.0,3616,1.0,26.0
14.0,true,1250000,671.0,-1.0,-1.0,3128,1.0,26.0
14.0,true,1477600,538.0,-1.0,-1.0,3123,1.0,26.0
14.0,true,2153400,760.0,-1.0,-1.0,4821,1.0,26.0
14.0,true,3082600,601.0,-1.0,-1.0,4034,1.0,26.0
14.0,true,2158400,707.0,-1.0,-1.0,4341,1.0,26.0
14.0,true,1124500,512.0,-1.0,-1.0,2514,1.0,26.0
14.0,true,1450400,613.0,-1.0,-1.0,3388,1.0,26.0
14.0,true,1614900,615.0,-1.0,-1.0,3795,1.0,26.0
14.0,true,1146200,474.0,-1.0,-1.0,2524,1.0,26.0
14.0,true,1364700,554.0,-1.0,-1.0,3027,1.0,26.0
14.0,true,2658900,609.0,-1.0,-1.0,4469,1.0,26.0
14.0,true,2401300,717.0,-1.0,-1.0,4682,1.0,26.0
14.0,true,2175700,643.0,-1.0,-1.0,4422,1.0,26.0
14.0,true,1497300,571.0,-1.0,-1.0,3529,1.0,26.0
14.0,true,1862200,639.0,-1.0,-1.0,4139,1.0,26.0
14.0,true,1526000,593.0,-1.0,-1.0,3322,1.0,26.0
14.0,true,1732700,647.0,-1.0,-1.0,3358,1.0,26.0
14.0,true,1503400,594.0,-1.0,-1.0,3550,1.0,26.0
14.0,true,1581800,528.0,-1.0,-1.0,3527,1.0,26.0
14.0,true,1856500,792.0,-1.0,-1.0,4371,1.0,26.0
14.0,true,2367500,469.0,-1.0,-1.0,2953,1.0,26.0
14.0,true,2080800,719.0,-1.0,-1.0,4203,1.0,26.0
14.0,true,2202600,471.0,-1.0,-1.0,3062,1.0,26.0
14.0,true,2277800,868.0,-1.0,-1.0,5250,1.0,26.0
14.0,true,1781000,528.0,-1.0,-1.0,3863,1.0,26.0
14.0,true,1922800,709.0,-1.0,-1.0,3572,1.0,26.0
14.0,true,3301600,714.0,-1.0,-1.0,4828,1.0,26.0
14.0,true,2514300,575.0,-1.0,-1.0,4632,1.0,26.0
14.0,true,2099700,595.0,-1.0,-1.0,3909,1.0,26.0
14.0,true,2088600,602.0,-1.0,-1.0,4048,1.0,26.0
14.0,true,2286300,682.0,-1.0,-1.0,4833,1.0,26.0
14.0,true,2256300,715.0,-1.0,-1.0,4509,1.0,26.0
14.0,true,1925300,652.0,-1.0,-1.0,4128,1.0,26.0
14.0,true,1979300,594.0,-1.0,-1.0,3896,1.0,26.0
14.0,true,1990300,622.0,-1.0,-1.0,3923,1.0,26.0
14.0,true,2075400,647.0,-1.0,-1.0,4159,1.0,26.0
14.0,true,2011200,496.0,-1.0,-1.0,2964,1.0,26.0
14.0,true,1255400,510.0,-1.0,-1.0,2880,1.0,26.0
14.0,true,1783900,620.0,-1.0,-1.0,4011,1.0,26.0
14.0,true,2746100,788.0,-1.0,-1.0,5722,1.0,26.0
14.0,true,3172800,756.0,-1.0,-1.0,3987,1.0,26.0
14.0,true,2393000,633.0,-1.0,-1.0,4065,1.0,26.0
14.0,true,2812200,833.0,-1.0,-1.0,5877,1.0,26.0
14.0,true,2000600,598.0,-1.0,-1.0,3984,1.0,26.0
15.0,true,2289900,615.0,-1.0,-1.0,4012,1.0,26.0
15.0,true,2158100,617.0,-1.0,-1.0,3839,1.0,26.0
15.0,true,3296800,670.0,-1.0,-1.0,5430,1.0,26.0
15.0,true,2309600,728.0,-1.0,-1.0,4752,1.0,26.0
15.0,true,2678400,662.0,-1.0,-1.0,5013,1.0,26.0
15.0,true,2651500,807.0,-1.0,-1.0,5068,1.0,26.0
15.0,true,3198800,845.0,-1.0,-1.0,5565,1.0,26.0
15.0,true,2312000,665.0,-1.0,-1.0,3789,1.0,26.0
15.0,true,1733500,628.0,-1.0,-1.0,4022,1.0,26.0
15.0,true,1863300,683.0,-1.0,-1.0,3903,1.0,26.0
15.0,true,2813900,831.0,-1.0,-1.0,4947,1.0,26.0
15.0,true,2761000,783.0,-1.0,-1.0,4677,1.0,26.0
15.0,true,1605700,582.0,-1.0,-1.0,3057,1.0,26.0
15.0,true,1419700,647.0,-1.0,-1.0,3356,1.0,26.0
15.0,true,1679500,610.0,-1.0,-1.0,3741,1.0,26.0
15.0,true,1522800,582.0,-1.0,-1.0,3630,1.0,26.0
15.0,true,1826400,564.0,-1.0,-1.0,3586,1.0,26.0
15.0,true,2211600,599.0,-1.0,-1.0,3838,1.0,26.0
15.0,true,2623700,540.0,-1.0,-1.0,3888,1.0,26.0
15.0,true,3070700,775.0,-1.0,-1.0,5356,1.0,26.0
15.0,true,3194700,935.0,-1.0,-1.0,5433,1.0,26.0
15.0,true,1691000,493.0,-1.0,-1.0,2715,1.0,26.0
15.0,true,3199900,733.0,-1.0,-1.0,4855,1.0,26.0
15.0,true,2832600,532.0,-1.0,-1.0,3606,1.0,26.0
15.0,true,2295100,706.0,-1.0,-1.0,4299,1.0,26.0
15.0,true,2298300,645.0,-1.0,-1.0,3916,1.0,26.0
15.0,true,3172400,753.0,-1.0,-1.0,4780,1.0,26.0
15.0,true,2813200,711.0,-1.0,-1.0,4577,1.0,26.0
15.0,true,2130100,577.0,-1.0,-1.0,3545,1.0,26.0
15.0,true,1986100,639.0,-1.0,-1.0,3410,1.0,26.0
15.0,true,2660500,654.0,-1.0,-1.0,4234,1.0,26.0
15.0,true,3296400,717.0,-1.0,-1.0,3852,1.0,26.0
15.0,true,2262600,607.0,-1.0,-1.0,3549,1.0,26.0
15.0,true,3102200,868.0,-1.0,-1.0,5162,1.0,26.0
15.0,true,3279500,789.0,-1.0,-1.0,5124,1.0,26.0
15.0,true,4650300,749.0,-1.0,-1.0,6144,1.0,26.0
15.0,true,3258300,704.0,-1.0,-1.0,4678,1.0,26.0
15.0,true,5095000,607.0,-1.0,-1.0,3161,1.0,26.0
15.0,true,3528400,748.0,-1.0,-1.0,5069,1.0,26.0
15.0,true,2014100,659.0,-1.0,-1.0,4067,1.0,26.0
15.0,true,2552700,722.0,-1.0,-1.0,4938,1.0,26.0
15.0,true,2220100,776.0,-1.0,-1.0,5130,1.0,26.0
15.0,true,1304000,510.0,-1.0,-1.0,3040,1.0,26.0
15.0,true,1098800,417.0,-1.0,-1.0,2289,1.0,26.0
15.0,true,2265600,654.0,-1.0,-1.0,3463,1.0,26.0
15.0,true,2468900,687.0,-1.0,-1.0,5286,1.0,26.0
15.0,true,2178300,786.0,-1.0,-1.0,4753,1.0,26.0
15.0,true,2876000,771.0,-1.0,-1.0,5697,1.0,26.0
15.0,true,1684600,565.0,-1.0,-1.0,3819,1.0,26.0
15.0,true,2561000,705.0,-1.0,-1.0,4022,1.0,26.0
15.0,true,1546200,593.0,-1.0,-1.0,3245,1.0,26.0
15.0,true,2077900,651.0,-1.0,-1.0,3869,1.0,26.0
15.0,true,1660300,661.0,-1.0,-1.0,3834,1.0,26.0
15.0,true,2105700,709.0,-1.0,-1.0,4949,1.0,26.0
15.0,true,2822500,813.0,-1.0,-1.0,5700,1.0,26.0
15.0,true,2438100,705.0,-1.0,-1.0,5139,1.0,26.0
15.0,true,2443100,802.0,-1.0,-1.0,5274,1.0,26.0
15.0,true,1443000,508.0,-1.0,-1.0,3148,1.0,26.0
15.0,true,1806700,534.0,-1.0,-1.0,3753,1.0,26.0
15.0,true,2067400,723.0,-1.0,-1.0,4829,1.0,26.0
15.0,true,1957500,591.0,-1.0,-1.0,4513,1.0,26.0
15.0,true,3267500,678.0,-1.0,-1.0,4121,1.0,26.0
15.0,true,1719300,538.0,-1.0,-1.0,3757,1.0,26.0
15.0,true,1815700,632.0,-1.0,-1.0,4035,1.0,26.0
15.0,true,1855700,708.0,-1.0,-1.0,4397,1.0,26.0
15.0,true,1485500,560.0,-1.0,-1.0,3311,1.0,26.0
15.0,true,1901000,686.0,-1.0,-1.0,4312,1.0,26.0
15.0,true,1997700,687.0,-1.0,-1.0,4109,1.0,26.0
15.0,true,2085900,646.0,-1.0,-1.0,4367,1.0,26.0
15.0,true,1682500,544.0,-1.0,-1.0,3445,1.0,26.0
15.0,true,1657700,612.0,-1.0,-1.0,3886,1.0,26.0
15.0,true,2063300,632.0,-1.0,-1.0,4698,1.0,26.0
15.0,true,2091500,750.0,-1.0,-1.0,4885,1.0,26.0
15.0,true,4468600,1000.0,-1.0,-1.0,7505,1.0,26.0
15.0,true,2138400,738.0,-1.0,-1.0,4657,1.0,26.0
15.0,true,1847900,568.0,-1.0,-1.0,3896,1.0,26.0
15.0,true,1695300,615.0,-1.0,-1.0,3606,1.0,26.0
15.0,true,2039800,735.0,-1.0,-1.0,4704,1.0,26.0
15.0,true,1442400,577.0,-1.0,-1.0,3356,1.0,26.0
15.0,true,2594100,815.0,-1.0,-1.0,5060,1.0,26.0
15.0,true,2036100,643.0,-1.0,-1.0,4389,1.0,26.0
15.0,true,2338200,700.0,-1.0,-1.0,5011,1.0,26.0
15.0,true,1446700,627.0,-1.0,-1.0,3557,1.0,26.0
15.0,true,2130800,677.0,-1.0,-1.0,4667,1.0,26.0
15.0,true,2164800,716.0,-1.0,-1.0,4883,1.0,26.0
15.0,true,2724900,623.0,-1.0,-1.0,4135,1.0,26.0
15.0,true,1798200,568.0,-1.0,-1.0,3678,1.0,26.0
15.0,true,2194000,809.0,-1.0,-1.0,5092,1.0,26.0
15.0,true,2772100,906.0,-1.0,-1.0,6749,1.0,26.0
15.0,true,1581100,611.0,-1.0,-1.0,3925,1.0,26.0
15.0,true,1994200,772.0,-1.0,-1.0,4328,1.0,26.0
15.0,true,2271500,703.0,-1.0,-1.0,4883,1.0,26.0
15.0,true,2061700,647.0,-1.0,-1.0,4214,1.0,26.0
15.0,true,2525800,783.0,-1.0,-1.0,5506,1.0,26.0
15.0,true,1837200,616.0,-1.0,-1.0,4152,1.0,26.0
15.0,true,2067700,784.0,-1.0,-1.0,4928,1.0,26.0
15.0,true,2617600,684.0,-1.0,-1.0,4779,1.0,26.0
15.0,true,1931200,674.0,-1.0,-1.0,4303,1.0,26.0
15.0,true,2371400,826.0,-1.0,-1.0,5064,1.0,26.0
15.0,true,1702600,722.0,-1.0,-1.0,4128,1.0,26.0
16.0,true,2803400,964.0,-1.0,-1.0,6548,1.0,26.0
16.0,true,2183100,640.0,-1.0,-1.0,4728,1.0,26.0
16.0,true,2887000,712.0,-1.0,-1.0,5572,1.0,26.0
16.0,true,1735400,632.0,-1.0,-1.0,3658,1.0,26.0
16.0,true,2383900,792.0,-1.0,-1.0,5519,1.0,26.0
16.0,true,1886000,618.0,-1.0,-1.0,4321,1.0,26.0
16.0,true,2238100,738.0,-1.0,-1.0,5196,1.0,26.0
16.0,true,2418700,610.0,-1.0,-1.0,4737,1.0,26.0
16.0,true,2118600,621.0,-1.0,-1.0,4025,1.0,26.0
16.0,true,2271500,593.0,-1.0,-1.0,4544,1.0,26.0
16.0,true,2424900,804.0,-1.0,-1.0,5509,1.0,26.0
16.0,true,1742700,613.0,-1.0,-1.0,4210,1.0,26.0
16.0,true,2007700,723.0,-1.0,-1.0,4658,1.0,26.0
16.0,true,2340300,661.0,-1.0,-1.0,4121,1.0,26.0
16.0,true,2364300,857.0,-1.0,-1.0,5034,1.0,26.0
16.0,true,2043500,694.0,-1.0,-1.0,4622,1.0,26.0
16.0,true,1396500,474.0,-1.0,-1.0,3277,1.0,26.0
16.0,true,2170500,782.0,-1.0,-1.0,5082,1.0,26.0
16.0,true,2228500,716.0,-1.0,-1.0,4989,1.0,26.0
16.0,true,2536000,593.0,-1.0,-1.0,4130,1.0,26.0
16.0,true,1829200,638.0,-1.0,-1.0,4250,1.0,26.0
16.0,true,2067000,705.0,-1.0,-1.0,4383,1.0,26.0
16.0,true,1616900,600.0,-1.0,-1.0,3757,1.0,26.0
16.0,true,2172100,709.0,-1.0,-1.0,4822,1.0,26.0
16.0,true,2888900,784.0,-1.0,-1.0,6153,1.0,26.0
16.0,true,2458700,588.0,-1.0,-1.0,3865,1.0,26.0
16.0,true,2611300,847.0,-1.0,-1.0,5775,1.0,26.0
16.0,true,2669800,845.0,-1.0,-1.0,6052,1.0,26.0
16.0,true,1155900,560.0,-1.0,-1.0,2844,1.0,26.0
16.0,true,2304400,746.0,-1.0,-1.0,5572,1.0,26.0
16.0,true,2372300,680.0,-1.0,-1.0,4430,1.0,26.0
16.0,true,2703200,869.0,-1.0,-1.0,6425,1.0,26.0
16.0,true,2189900,671.0,-1.0,-1.0,4807,1.0,26.0
16.0,true,2694000,804.0,-1.0,-1.0,5903,1.0,26.0
16.0,true,2813000,685.0,-1.0,-1.0,4397,1.0,26.0
16.0,true,1837000,543.0,-1.0,-1.0,3721,1.0,26.0
16.0,true,2353900,586.0,-1.0,-1.0,4918,1.0,26.0
16.0,true,1617900,616.0,-1.0,-1.0,3861,1.0,26.0
16.0,true,2716900,868.0,-1.0,-1.0,6416,1.0,26.0
16.0,true,3161600,701.0,-1.0,-1.0,5399,1.0,26.0
16.0,true,3070500,773.0,-1.0,-1.0,5341,1.0,26.0
16.0,true,2777700,724.0,-1.0,-1.0,5203,1.0,26.0
16.0,true,2118600,748.0,-1.0,-1.0,4720,1.0,26.0
16.0,true,2223200,796.0,-1.0,-1.0,5285,1.0,26.0
16.0,true,2554400,634.0,-1.0,-1.0,4774,1.0,26.0
16.0,true,2750700,780.0,-1.0,-1.0,5454,1.0,26.0
16.0,true,1660700,501.0,-1.0,-1.0,3624,1.0,26.0
16.0,true,2081100,682.0,-1.0,-1.0,4786,1.0,26.0
16.0,true,2031100,681.0,-1.0,-1.0,4544,1.0,26.0
16.0,true,1750900,723.0,-1.0,-1.0,4141,1.0,26.0
16.0,true,1795600,678.0,-1.0,-1.0,3971,1.0,26.0
16.0,true,2268100,737.0,-1.0,-1.0,4856,1.0,26.0
16.0,true,2612300,796.0,-1.0,-1.0,5600,1.0,26.0
16.0,true,2455200,805.0,-1.0,-1.0,5607,1.0,26.0
16.0,true,2905100,774.0,-1.0,-1.0,5167,1.0,26.0
16.0,true,2688400,925.0,-1.0,-1.0,5686,1.0,26.0
16.0,true,2300500,613.0,-1.0,-1.0,4352,1.0,26.0
16.0,true,1762500,710.0,-1.0,-1.0,4180,1.0,26.0
16.0,true,2276300,738.0,-1.0,-1.0,5185,1.0,26.0
16.0,true,3967100,750.0,-1.0,-1.0,5644,1.0,26.0
16.0,true,2198100,652.0,-1.0,-1.0,4561,1.0,26.0
16.0,true,1624600,628.0,-1.0,-1.0,3627,1.0,26.0
16.0,true,2124400,761.0,-1.0,-1.0,4821,1.0,26.0
16.0,true,2261800,622.0,-1.0,-1.0,5133,1.0,26.0
16.0,true,1567900,581.0,-1.0,-1.0,3606,1.0,26.0
16.0,true,2797800,558.0,-1.0,-1.0,4516,1.0,26.0
16.0,true,2336000,735.0,-1.0,-1.0,5058,1.0,26.0
16.0,true,1515100,591.0,-1.0,-1.0,3530,1.0,26.0
16.0,true,2112100,767.0,-1.0,-1.0,4885,1.0,26.0
16.0,true,3324200,851.0,-1.0,-1.0,6052,1.0,26.0
16.0,true,2290700,815.0,-1.0,-1.0,5022,1.0,26.0
16.0,true,1885700,671.0,-1.0,-1.0,4132,1.0,26.0
16.0,true,2232400,775.0,-1.0,-1.0,5217,1.0,26.0
16.0,true,1864400,582.0,-1.0,-1.0,3832,1.0,26.0
16.0,true,2158500,733.0,-1.0,-1.0,4440,1.0,26.0
16.0,true,1750700,471.0,-1.0,-1.0,3341,1.0,26.0
16.0,true,1945800,697.0,-1.0,-1.0,4606,1.0,26.0
16.0,true,1915100,638.0,-1.0,-1.0,4327,1.0,26.0
16.0,true,2249000,823.0,-1.0,-1.0,4906,1.0,26.0
16.0,true,2321500,700.0,-1.0,-1.0,5034,1.0,26.0
16.0,true,2820200,602.0,-1.0,-1.0,4106,1.0,26.0
16.0,true,2869700,989.0,-1.0,-1.0,6150,1.0,26.0
16.0,true,1669500,600.0,-1.0,-1.0,3580,1.0,26.0
16.0,true,1834100,725.0,-1.0,-1.0,4468,1.0,26.0
16.0,true,1850700,656.0,-1.0,-1.0,4200,1.0,26.0
16.0,true,3057200,832.0,-1.0,-1.0,5464,1.0,26.0
16.0,true,1995700,614.0,-1.0,-1.0,4374,1.0,26.0
16.0,true,2133600,590.0,-1.0,-1.0,4518,1.0,26.0
16.0,true,1600500,627.0,-1.0,-1.0,3720,1.0,26.0
16.0,true,2722900,563.0,-1.0,-1.0,3741,1.0,26.0
16.0,true,2146700,707.0,-1.0,-1.0,4673,1.0,26.0
16.0,true,2680600,897.0,-1.0,-1.0,5478,1.0,26.0
16.0,true,2121300,693.0,-1.0,-1.0,4811,1.0,26.0
16.0,true,1911800,744.0,-1.0,-1.0,4465,1.0,26.0
16.0,true,4448800,805.0,-1.0,-1.0,6206,1.0,26.0
16.0,true,2498900,800.0,-1.0,-1.0,5181,1.0,26.0
16.0,true,1662200,614.0,-1.0,-1.0,3868,1.0,26.0
16.0,true,2588800,898.0,-1.0,-1.0,6136,1.0,26.0
16.0,true,2084900,715.0,-1.0,-1.0,4518,1.0,26.0
16.0,true,2599200,818.0,-1.0,-1.0,5160,1.0,26.0
17.0,true,3825900,868.0,-1.0,-1.0,6455,1.0,26.0
17.0,true,1619200,560.0,-1.0,-1.0,3379,1.0,26.0
17.0,true,2675300,865.0,-1.0,-1.0,6099,1.0,26.0
17.0,true,1961600,726.0,-1.0,-1.0,4457,1.0,26.0
17.0,true,2392000,702.0,-1.0,-1.0,4537,1.0,26.0
17.0,true,2438100,825.0,-1.0,-1.0,5078,1.0,26.0
17.0,true,2616500,914.0,-1.0,-1.0,5951,1.0,26.0
17.0,true,2210300,710.0,-1.0,-1.0,5033,1.0,26.0
17.0,true,1926400,728.0,-1.0,-1.0,4520,1.0,26.0
17.0,true,1675200,599.0,-1.0,-1.0,3943,1.0,26.0
17.0,true,2546500,765.0,-1.0,-1.0,5461,1.0,26.0
17.0,true,4024100,771.0,-1.0,-1.0,5373,1.0,26.0
17.0,true,2559200,748.0,-1.0,-1.0,5718,1.0,26.0
17.0,true,1866400,707.0,-1.0,-1.0,4266,1.0,26.0
17.0,true,3452200,919.0,-1.0,-1.0,5657,1.0,26.0
17.0,true,2399300,773.0,-1.0,-1.0,5295,1.0,26.0
17.0,true,2358000,831.0,-1.0,-1.0,5441,1.0,26.0
17.0,true,2055700,683.0,-1.0,-1.0,4662,1.0,26.0
17.0,true,1772400,674.0,-1.0,-1.0,3911,1.0,26.0
17.0,true,1964200,685.0,-1.0,-1.0,4280,1.0,26.0
17.0,true,2304800,754.0,-1.0,-1.0,4766,1.0,26.0
17.0,true,2672200,928.0,-1.0,-1.0,6107,1.0,26.0
17.0,true,2859700,952.0,-1.0,-1.0,6604,1.0,26.0
17.0,true,2524200,778.0,-1.0,-1.0,5247,1.0,26.0
17.0,true,2366700,711.0,-1.0,-1.0,4885,1.0,26.0
17.0,true,2746000,906.0,-1.0,-1.0,6297,1.0,26.0
17.0,true,2066000,759.0,-1.0,-1.0,4827,1.0,26.0
17.0,true,1840500,652.0,-1.0,-1.0,3926,1.0,26.0
17.0,true,3458000,859.0,-1.0,-1.0,6378,1.0,26.0
17.0,true,2539500,869.0,-1.0,-1.0,5615,1.0,26.0
17.0,true,2630100,813.0,-1.0,-1.0,6027,1.0,26.0
17.0,true,2874000,889.0,-1.0,-1.0,6338,1.0,26.0
17.0,true,2436000,778.0,-1.0,-1.0,4597,1.0,26.0
17.0,true,2568500,762.0,-1.0,-1.0,4848,1.0,26.0
17.0,true,3545500,851.0,-1.0,-1.0,6806,1.0,26.0
17.0,true,2264000,814.0,-1.0,-1.0,4674,1.0,26.0
17.0,true,2878600,822.0,-1.0,-1.0,4884,1.0,26.0
17.0,true,2158900,745.0,-1.0,-1.0,4922,1.0,26.0
17.0,true,1995200,594.0,-1.0,-1.0,4589,1.0,26.0
17.0,true,2236400,783.0,-1.0,-1.0,5018,1.0,26.0
17.0,true,2228400,720.0,-1.0,-1.0,4860,1.0,26.0
17.0,true,2497500,788.0,-1.0,-1.0,4971,1.0,26.0
17.0,true,2744300,661.0,-1.0,-1.0,5521,1.0,26.0
17.0,true,2363300,774.0,-1.0,-1.0,5368,1.0,26.0
17.0,true,1785300,668.0,-1.0,-1.0,4371,1.0,26.0
17.0,true,2674300,810.0,-1.0,-1.0,6066,1.0,26.0
17.0,true,3031400,727.0,-1.0,-1.0,4431,1.0,26.0
17.0,true,2264100,798.0,-1.0,-1.0,4703,1.0,26.0
17.0,true,2583400,784.0,-1.0,-1.0,5356,1.0,26.0
17.0,true,2117500,656.0,-1.0,-1.0,4438,1.0,26.0
17.0,true,2934900,922.0,-1.0,-1.0,6198,1.0,26.0
17.0,true,2309200,810.0,-1.0,-1.0,5152,1.0,26.0
17.0,true,2251500,807.0,-1.0,-1.0,5215,1.0,26.0
17.0,true,2585300,824.0,-1.0,-1.0,6107,1.0,26.0
17.0,true,2202800,773.0,-1.0,-1.0,4795,1.0,26.0
17.0,true,3024000,939.0,-1.0,-1.0,6178,1.0,26.0
17.0,true,2106400,634.0,-1.0,-1.0,4857,1.0,26.0
17.0,true,2045000,799.0,-1.0,-1.0,5006,1.0,26.0
17.0,true,2054400,674.0,-1.0,-1.0,4189,1.0,26.0
17.0,true,1863000,711.0,-1.0,-1.0,4333,1.0,26.0
17.0,true,2001000,682.0,-1.0,-1.0,4356,1.0,26.0
17.0,true,2082900,611.0,-1.0,-1.0,4689,1.0,26.0
17.0,true,2518500,973.0,-1.0,-1.0,5532,1.0,26.0
17.0,true,3537200,736.0,-1.0,-1.0,4693,1.0,26.0
17.0,true,1978300,704.0,-1.0,-1.0,4361,1.0,26.0
17.0,true,2185300,688.0,-1.0,-1.0,5019,1.0,26.0
17.0,true,2418900,819.0,-1.0,-1.0,5683,1.0,26.0
17.0,true,2255400,821.0,-1.0,-1.0,5095,1.0,26.0
17.0,true,2403500,764.0,-1.0,-1.0,5053,1.0,26.0
17.0,true,1729200,644.0,-1.0,-1.0,3994,1.0,26.0
17.0,true,2107700,664.0,-1.0,-1.0,4803,1.0,26.0
17.0,true,2614900,859.0,-1.0,-1.0,5708,1.0,26.0
17.0,true,2572100,677.0,-1.0,-1.0,4894,1.0,26.0
17.0,true,1677800,551.0,-1.0,-1.0,3773,1.0,26.0
17.0,true,1779600,627.0,-1.0,-1.0,4093,1.0,26.0
17.0,true,2022700,626.0,-1.0,-1.0,4637,1.0,26.0
17.0,true,2373800,830.0,-1.0,-1.0,4966,1.0,26.0
17.0,true,2257300,673.0,-1.0,-1.0,4842,1.0,26.0
17.0,true,2689300,757.0,-1.0,-1.0,5921,1.0,26.0
17.0,true,2211700,946.0,-1.0,-1.0,5484,1.0,26.0
17.0,true,2550000,873.0,-1.0,-1.0,6036,1.0,26.0
17.0,true,2842700,835.0,-1.0,-1.0,5725,1.0,26.0
17.0,true,2260500,615.0,-1.0,-1.0,4124,1.0,26.0
17.0,true,2673300,771.0,-1.0,-1.0,5320,1.0,26.0
17.0,true,2263600,859.0,-1.0,-1.0,5542,1.0,26.0
17.0,true,1674600,595.0,-1.0,-1.0,3835,1.0,26.0
17.0,true,1271800,495.0,-1.0,-1.0,2868,1.0,26.0
17.0,true,3912500,1010.0,-1.0,-1.0,7800,1.0,26.0
17.0,true,1977400,678.0,-1.0,-1.0,4590,1.0,26.0
17.0,true,1686600,657.0,-1.0,-1.0,3699,1.0,26.0
17.0,true,2361000,898.0,-1.0,-1.0,5613,1.0,26.0
17.0,true,1765500,719.0,-1.0,-1.0,3965,1.0,26.0
17.0,true,2199000,692.0,-1.0,-1.0,4718,1.0,26.0
17.0,true,2818800,731.0,-1.0,-1.0,5838,1.0,26.0
17.0,true,2958800,916.0,-1.0,-1.0,6558,1.0,26.0
17.0,true,3028900,808.0,-1.0,-1.0,7006,1.0,26.0
17.0,true,1897600,684.0,-1.0,-1.0,4486,1.0,26.0
17.0,true,2132900,699.0,-1.0,-1.0,4365,1.0,26.0
17.0,true,2462200,527.0,-1.0,-1.0,3767,1.0,26.0
17.0,true,2290600,701.0,-1.0,-1.0,4507,1.0,26.0
18.0,true,2447400,797.0,-1.0,-1.0,5105,1.0,26.0
18.0,true,2091700,770.0,-1.0,-1.0,4836,1.0,26.0
18.0,true,3051500,794.0,-1.0,-1.0,5274,1.0,26.0
18.0,true,2805000,792.0,-1.0,-1.0,6149,1.0,26.0
18.0,true,2461900,773.0,-1.0,-1.0,5634,1.0,26.0
18.0,true,2713000,965.0,-1.0,-1.0,6459,1.0,26.0
18.0,true,2980500,964.0,-1.0,-1.0,6774,1.0,26.0
18.0,true,2268600,727.0,-1.0,-1.0,4590,1.0,26.0
18.0,true,2793600,954.0,-1.0,-1.0,6085,1.0,26.0
18.0,true,2332700,877.0,-1.0,-1.0,5454,1.0,26.0
18.0,true,2743000,817.0,-1.0,-1.0,6004,1.0,26.0
18.0,true,2939600,754.0,-1.0,-1.0,4882,1.0,26.0
18.0,true,3067200,921.0,-1.0,-1.0,6423,1.0,26.0
18.0,true,2037500,847.0,-1.0,-1.0,4995,1.0,26.0
18.0,true,2293400,927.0,-1.0,-1.0,5667,1.0,26.0
18.0,true,2406500,731.0,-1.0,-1.0,4771,1.0,26.0
18.0,true,3074800,877.0,-1.0,-1.0,5350,1.0,26.0
18.0,true,2675500,695.0,-1.0,-1.0,4599,1.0,26.0
18.0,true,3643300,1037.0,-1.0,-1.0,6266,1.0,26.0
18.0,true,3378900,691.0,-1.0,-1.0,5024,1.0,26.0
18.0,true,5074100,868.0,-1.0,-1.0,6939,1.0,26.0
18.0,true,2975000,836.0,-1.0,-1.0,5241,1.0,26.0
18.0,true,4091700,832.0,-1.0,-1.0,6614,1.0,26.0
18.0,true,3852500,841.0,-1.0,-1.0,5504,1.0,26.0
18.0,true,3416700,795.0,-1.0,-1.0,5330,1.0,26.0
18.0,true,3673200,958.0,-1.0,-1.0,6401,1.0,26.0
18.0,true,3270300,736.0,-1.0,-1.0,4534,1.0,26.0
18.0,true,4650700,885.0,-1.0,-1.0,6316,1.0,26.0
18.0,true,3380100,789.0,-1.0,-1.0,5323,1.0,26.0
18.0,true,3735100,839.0,-1.0,-1.0,6112,1.0,26.0
18.0,true,4112500,713.0,-1.0,-1.0,5176,1.0,26.0
18.0,true,3712100,970.0,-1.0,-1.0,6050,1.0,26.0
18.0,true,3170500,753.0,-1.0,-1.0,4711,1.0,26.0
18.0,true,3643900,671.0,-1.0,-1.0,4518,1.0,26.0
18.0,true,5187700,1050.0,-1.0,-1.0,8055,1.0,26.0
18.0,true,3485200,1047.0,-1.0,-1.0,6124,1.0,26.0
18.0,true,7987200,665.0,-1.0,-1.0,5262,1.0,26.0
18.0,true,2999800,666.0,-1.0,-1.0,5465,1.0,26.0
18.0,true,3064300,897.0,-1.0,-1.0,6482,1.0,26.0
18.0,true,2838700,862.0,-1.0,-1.0,6039,1.0,26.0
18.0,true,2437900,742.0,-1.0,-1.0,4955,1.0,26.0
18.0,true,2774300,833.0,-1.0,-1.0,6067,1.0,26.0
18.0,true,2894600,938.0,-1.0,-1.0,6580,1.0,26.0
18.0,true,2317700,839.0,-1.0,-1.0,5122,1.0,26.0
18.0,true,2110500,806.0,-1.0,-1.0,4928,1.0,26.0
18.0,true,3163000,972.0,-1.0,-1.0,6386,1.0,26.0
18.0,true,2012000,710.0,-1.0,-1.0,4229,1.0,26.0
18.0,true,1992800,747.0,-1.0,-1.0,4212,1.0,26.0
18.0,true,2074100,726.0,-1.0,-1.0,4998,1.0,26.0
18.0,true,2844400,758.0,-1.0,-1.0,5147,1.0,26.0
18.0,true,3026400,863.0,-1.0,-1.0,5228,1.0,26.0
18.0,true,3373900,892.0,-1.0,-1.0,6320,1.0,26.0
18.0,true,3751100,603.0,-1.0,-1.0,4510,1.0,26.0
18.0,true,3431800,621.0,-1.0,-1.0,4752,1.0,26.0
18.0,true,3130700,914.0,-1.0,-1.0,6688,1.0,26.0
18.0,true,2589400,716.0,-1.0,-1.0,5319,1.0,26.0
18.0,true,2554600,749.0,-1.0,-1.0,4507,1.0,26.0
18.0,true,2761500,770.0,-1.0,-1.0,5931,1.0,26.0
18.0,true,2538700,789.0,-1.0,-1.0,5801,1.0,26.0
18.0,true,3176000,876.0,-1.0,-1.0,5974,1.0,26.0
18.0,true,2626400,981.0,-1.0,-1.0,5909,1.0,26.0
18.0,true,2148900,736.0,-1.0,-1.0,4854,1.0,26.0
18.0,true,2589000,745.0,-1.0,-1.0,5645,1.0,26.0
18.0,true,2000300,515.0,-1.0,-1.0,3903,1.0,26.0
18.0,true,4792500,839.0,-1.0,-1.0,6629,1.0,26.0
18.0,true,2851600,973.0,-1.0,-1.0,6558,1.0,26.0
18.0,true,5118600,965.0,-1.0,-1.0,6607,1.0,26.0
18.0,true,2519700,840.0,-1.0,-1.0,5782,1.0,26.0
18.0,true,2563700,883.0,-1.0,-1.0,5804,1.0,26.0
18.0,true,3748200,856.0,-1.0,-1.0,4817,1.0,26.0
18.0,true,3519600,702.0,-1.0,-1.0,5086,1.0,26.0
18.0,true,2349400,933.0,-1.0,-1.0,5744,1.0,26.0
18.0,true,3101400,807.0,-1.0,-1.0,6716,1.0,26.0
18.0,true,3551500,883.0,-1.0,-1.0,7000,1.0,26.0
18.0,true,2603800,748.0,-1.0,-1.0,5194,1.0,26.0
18.0,true,2511300,706.0,-1.0,-1.0,5427,1.0,26.0
18.0,true,2149300,655.0,-1.0,-1.0,4816,1.0,26.0
18.0,true,1996400,690.0,-1.0,-1.0,4698,1.0,26.0
18.0,true,2439000,685.0,-1.0,-1.0,5220,1.0,26.0
18.0,true,2168500,626.0,-1.0,-1.0,3747,1.0,26.0
18.0,true,2242000,604.0,-1.0,-1.0,3938,1.0,26.0
18.0,true,2183500,598.0,-1.0,-1.0,4689,1.0,26.0
18.0,true,2178800,659.0,-1.0,-1.0,4061,1.0,26.0
18.0,true,3192800,1052.0,-1.0,-1.0,7354,1.0,26.0
18.0,true,2735600,684.0,-1.0,-1.0,4581,1.0,26.0
18.0,true,2776600,720.0,-1.0,-1.0,5542,1.0,26.0
18.0,true,3311500,1030.0,-1.0,-1.0,6801,1.0,26.0
18.0,true,2527400,871.0,-1.0,-1.0,5816,1.0,26.0
18.0,true,2067200,772.0,-1.0,-1.0,4678,1.0,26.0
18.0,true,2720900,839.0,-1.0,-1.0,5403,1.0,26.0
18.0,true,1850900,652.0,-1.0,-1.0,3916,1.0,26.0
18.0,true,2170000,758.0,-1.0,-1.0,4758,1.0,26.0
18.0,true,2374800,923.0,-1.0,-1.0,5426,1.0,26.0
18.0,true,2333400,718.0,-1.0,-1.0,4899,1.0,26.0
18.0,true,3021600,880.0,-1.0,-1.0,6432,1.0,26.0
18.0,true,1917400,770.0,-1.0,-1.0,4395,1.0,26.0
18.0,true,2022400,634.0,-1.0,-1.0,4581,1.0,26.0
18.0,true,3691200,902.0,-1.0,-1.0,5529,1.0,26.0
18.0,true,2874900,898.0,-1.0,-1.0,5766,1.0,26.0
18.0,true,3809200,753.0,-1.0,-1.0,5840,1.0,26.0
19.0,true,2976100,910.0,-1.0,-1.0,6739,1.0,26.0
19.0,true,1837500,558.0,-1.0,-1.0,4103,1.0,26.0
19.0,true,3689300,887.0,-1.0,-1.0,6694,1.0,26.0
19.0,true,3373300,919.0,-1.0,-1.0,6792,1.0,26.0
19.0,true,3286800,944.0,-1.0,-1.0,7557,1.0,26.0
19.0,true,2075800,734.0,-1.0,-1.0,4727,1.0,26.0
19.0,true,2636400,920.0,-1.0,-1.0,5664,1.0,26.0
19.0,true,2214000,752.0,-1.0,-1.0,4527,1.0,26.0
19.0,true,2781600,742.0,-1.0,-1.0,4954,1.0,26.0
19.0,true,2329600,712.0,-1.0,-1.0,5328,1.0,26.0
19.0,true,3132000,875.0,-1.0,-1.0,7153,1.0,26.0
19.0,true,3201300,963.0,-1.0,-1.0,6741,1.0,26.0
19.0,true,2289100,690.0,-1.0,-1.0,4920,1.0,26.0
19.0,true,1471000,465.0,-1.0,-1.0,3061,1.0,26.0
19.0,true,2561200,807.0,-1.0,-1.0,5960,1.0,26.0
19.0,true,2958600,896.0,-1.0,-1.0,6345,1.0,26.0
19.0,true,2234800,812.0,-1.0,-1.0,5406,1.0,26.0
19.0,true,2845100,774.0,-1.0,-1.0,5679,1.0,26.0
19.0,true,3113500,963.0,-1.0,-1.0,6763,1.0,26.0
19.0,true,3054900,839.0,-1.0,-1.0,6501,1.0,26.0
19.0,true,3563100,1016.0,-1.0,-1.0,8328,1.0,26.0
19.0,true,3209400,850.0,-1.0,-1.0,7042,1.0,26.0
19.0,true,2537900,807.0,-1.0,-1.0,5386,1.0,26.0
19.0,true,1974800,617.0,-1.0,-1.0,4537,1.0,26.0
19.0,true,2714600,813.0,-1.0,-1.0,6210,1.0,26.0
19.0,true,3461900,947.0,-1.0,-1.0,6630,1.0,26.0
19.0,true,2722400,937.0,-1.0,-1.0,6394,1.0,26.0
19.0,true,3272100,1033.0,-1.0,-1.0,7537,1.0,26.0
19.0,true,3457500,953.0,-1.0,-1.0,6798,1.0,26.0
19.0,true,2169700,820.0,-1.0,-1.0,5334,1.0,26.0
19.0,true,2890000,886.0,-1.0,-1.0,6590,1.0,26.0
19.0,true,1704600,730.0,-1.0,-1.0,3986,1.0,26.0
19.0,true,2761000,799.0,-1.0,-1.0,5489,1.0,26.0
19.0,true,3011300,901.0,-1.0,-1.0,6314,1.0,26.0
19.0,true,2019900,724.0,-1.0,-1.0,4466,1.0,26.0
19.0,true,2151400,772.0,-1.0,-1.0,5132,1.0,26.0
19.0,true,2252500,707.0,-1.0,-1.0,4978,1.0,26.0
19.0,true,4082900,881.0,-1.0,-1.0,6588,1.0,26.0
19.0,true,3442900,811.0,-1.0,-1.0,6522,1.0,26.0
19.0,true,5231400,1354.0,-1.0,-1.0,11630,1.0,26.0
19.0,true,2754200,945.0,-1.0,-1.0,6334,1.0,26.0
19.0,true,3891700,964.0,-1.0,-1.0,7963,1.0,26.0
19.0,true,2561000,842.0,-1.0,-1.0,6270,1.0,26.0
19.0,true,2602400,763.0,-1.0,-1.0,5935,1.0,26.0
19.0,true,2277600,815.0,-1.0,-1.0,4652,1.0,26.0
19.0,true,2651300,911.0,-1.0,-1.0,5760,1.0,26.0
19.0,true,2665600,927.0,-1.0,-1.0,6175,1.0,26.0
19.0,true,3251300,1025.0,-1.0,-1.0,6840,1.0,26.0
19.0,true,2832500,866.0,-1.0,-1.0,4878,1.0,26.0
19.0,true,2490300,795.0,-1.0,-1.0,5419,1.0,26.0
19.0,true,3923700,1048.0,-1.0,-1.0,7756,1.0,26.0
19.0,true,3663400,957.0,-1.0,-1.0,7347,1.0,26.0
19.0,true,2696900,663.0,-1.0,-1.0,4492,1.0,26.0
19.0,true,2602000,710.0,-1.0,-1.0,4622,1.0,26.0
19.0,true,2733200,913.0,-1.0,-1.0,6147,1.0,26.0
19.0,true,1800300,733.0,-1.0,-1.0,4363,1.0,26.0
19.0,true,1939000,739.0,-1.0,-1.0,4379,1.0,26.0
19.0,true,2617000,868.0,-1.0,-1.0,5961,1.0,26.0
19.0,true,3844300,820.0,-1.0,-1.0,6642,1.0,26.0
19.0,true,2284400,660.0,-1.0,-1.0,4349,1.0,26.0
19.0,true,1887400,753.0,-1.0,-1.0,4537,1.0,26.0
19.0,true,2450300,759.0,-1.0,-1.0,5609,1.0,26.0
19.0,true,2778500,896.0,-1.0,-1.0,5704,1.0,26.0
19.0,true,3318600,917.0,-1.0,-1.0,6140,1.0,26.0
19.0,true,3268400,828.0,-1.0,-1.0,5485,1.0,26.0
19.0,true,2715400,830.0,-1.0,-1.0,5276,1.0,26.0
19.0,true,2917300,859.0,-1.0,-1.0,6079,1.0,26.0
19.0,true,3946700,831.0,-1.0,-1.0,6406,1.0,26.0
19.0,true,3068000,927.0,-1.0,-1.0,6650,1.0,26.0
19.0,true,2623600,892.0,-1.0,-1.0,6343,1.0,26.0
19.0,true,2209900,954.0,-1.0,-1.0,5375,1.0,26.0
19.0,true,2797700,981.0,-1.0,-1.0,6095,1.0,26.0
19.0,true,3219200,921.0,-1.0,-1.0,6166,1.0,26.0
19.0,true,3404000,1050.0,-1.0,-1.0,7195,1.0,26.0
19.0,true,2137400,750.0,-1.0,-1.0,5138,1.0,26.0
19.0,true,2522000,779.0,-1.0,-1.0,5532,1.0,26.0
19.0,true,3712900,821.0,-1.0,-1.0,5839,1.0,26.0
19.0,true,3261200,995.0,-1.0,-1.0,7282,1.0,26.0
19.0,true,2173300,706.0,-1.0,-1.0,4608,1.0,26.0
19.0,true,8363300,1137.0,-1.0,-1.0,8183,1.0,26.0
19.0,true,2335100,717.0,-1.0,-1.0,5035,1.0,26.0
19.0,true,3266900,996.0,-1.0,-1.0,7516,1.0,26.0
19.0,true,2970900,1092.0,-1.0,-1.0,7097,1.0,26.0
19.0,true,3343800,853.0,-1.0,-1.0,6200,1.0,26.0
19.0,true,3183900,774.0,-1.0,-1.0,6377,1.0,26.0
19.0,true,2288300,679.0,-1.0,-1.0,4867,1.0,26.0
19.0,true,1877800,806.0,-1.0,-1.0,4498,1.0,26.0
19.0,true,2122000,852.0,-1.0,-1.0,4965,1.0,26.0
19.0,true,2858600,822.0,-1.0,-1.0,5172,1.0,26.0
19.0,true,2849300,816.0,-1.0,-1.0,5741,1.0,26.0
19.0,true,2704100,907.0,-1.0,-1.0,6018,1.0,26.0
19.0,true,2645400,776.0,-1.0,-1.0,5828,1.0,26.0
19.0,true,1870100,624.0,-1.0,-1.0,4165,1.0,26.0
19.0,true,2488600,793.0,-1.0,-1.0,5525,1.0,26.0
19.0,true,2139700,763.0,-1.0,-1.0,4836,1.0,26.0
19.0,true,2383400,736.0,-1.0,-1.0,5049,1.0,26.0
19.0,true,2232900,771.0,-1.0,-1.0,5307,1.0,26.0
19.0,true,2759200,893.0,-1.0,-1.0,6415,1.0,26.0
19.0,true,3846700,980.0,-1.0,-1.0,8595,1.0,26.0
19.0,true,2655100,854.0,-1.0,-1.0,5917,1.0,26.0
20.0,true,3036600,962.0,-1.0,-1.0,6665,1.0,26.0
20.0,true,2729400,849.0,-1.0,-1.0,6449,1.0,26.0
20.0,true,2299500,791.0,-1.0,-1.0,5360,1.0,26.0
20.0,true,3215200,768.0,-1.0,-1.0,5033,1.0,26.0
20.0,true,2914600,1019.0,-1.0,-1.0,6491,1.0,26.0
20.0,true,2379400,814.0,-1.0,-1.0,5409,1.0,26.0
20.0,true,2706900,1040.0,-1.0,-1.0,6623,1.0,26.0
20.0,true,2727900,926.0,-1.0,-1.0,5984,1.0,26.0
20.0,true,3887900,957.0,-1.0,-1.0,7080,1.0,26.0
20.0,true,3602600,865.0,-1.0,-1.0,7591,1.0,26.0
20.0,true,2527000,901.0,-1.0,-1.0,5845,1.0,26.0
20.0,true,3298200,1043.0,-1.0,-1.0,7165,1.0,26.0
20.0,true,4623100,1263.0,-1.0,-1.0,10175,1.0,26.0
20.0,true,1916400,683.0,-1.0,-1.0,4251,1.0,26.0
20.0,true,1997700,719.0,-1.0,-1.0,4655,1.0,26.0
20.0,true,2713000,940.0,-1.0,-1.0,6458,1.0,26.0
20.0,true,2876500,884.0,-1.0,-1.0,5872,1.0,26.0
20.0,true,3529900,986.0,-1.0,-1.0,7364,1.0,26.0
20.0,true,3694800,924.0,-1.0,-1.0,8142,1.0,26.0
20.0,true,2584500,851.0,-1.0,-1.0,6067,1.0,26.0
20.0,true,3370600,828.0,-1.0,-1.0,5550,1.0,26.0
20.0,true,2625000,773.0,-1.0,-1.0,5951,1.0,26.0
20.0,true,2637900,745.0,-1.0,-1.0,5685,1.0,26.0
20.0,true,2882200,922.0,-1.0,-1.0,6152,1.0,26.0
20.0,true,2691300,770.0,-1.0,-1.0,5476,1.0,26.0
20.0,true,2511800,860.0,-1.0,-1.0,5603,1.0,26.0
20.0,true,3198300,923.0,-1.0,-1.0,6096,1.0,26.0
20.0,true,2923300,930.0,-1.0,-1.0,6855,1.0,26.0
20.0,true,2439900,764.0,-1.0,-1.0,5050,1.0,26.0
20.0,true,2386100,769.0,-1.0,-1.0,4905,1.0,26.0
20.0,true,3135800,739.0,-1.0,-1.0,6012,1.0,26.0
20.0,true,3097800,819.0,-1.0,-1.0,6717,1.0,26.0
20.0,true,2192400,745.0,-1.0,-1.0,5134,1.0,26.0
20.0,true,2894900,809.0,-1.0,-1.0,5314,1.0,26.0
20.0,true,3170100,1000.0,-1.0,-1.0,6921,1.0,26.0
20.0,true,2209400,801.0,-1.0,-1.0,5226,1.0,26.0
20.0,true,2541000,807.0,-1.0,-1.0,5880,1.0,26.0
20.0,true,3045500,961.0,-1.0,-1.0,6790,1.0,26.0
20.0,true,2904900,1006.0,-1.0,-1.0,6192,1.0,26.0
20.0,true,3110000,954.0,-1.0,-1.0,6228,1.0,26.0
20.0,true,2152200,713.0,-1.0,-1.0,5040,1.0,26.0
20.0,true,2344600,845.0,-1.0,-1.0,5603,1.0,26.0
20.0,true,2902400,989.0,-1.0,-1.0,6503,1.0,26.0
20.0,true,2600700,757.0,-1.0,-1.0,5349,1.0,26.0
20.0,true,2517700,763.0,-1.0,-1.0,4770,1.0,26.0
20.0,true,2620200,825.0,-1.0,-1.0,5653,1.0,26.0
20.0,true,2913900,859.0,-1.0,-1.0,5796,1.0,26.0
20.0,true,3448400,1017.0,-1.0,-1.0,6879,1.0,26.0
20.0,true,2969400,968.0,-1.0,-1.0,6628,1.0,26.0
20.0,true,2896400,1096.0,-1.0,-1.0,7163,1.0,26.0
20.0,true,2882800,965.0,-1.0,-1.0,6338,1.0,26.0
20.0,true,3345900,831.0,-1.0,-1.0,6381,1.0,26.0
20.0,true,3180700,935.0,-1.0,-1.0,6593,1.0,26.0
20.0,true,3566200,1106.0,-1.0,-1.0,8255,1.0,26.0
20.0,true,2225700,848.0,-1.0,-1.0,5133,1.0,26.0
20.0,true,3423200,939.0,-1.0,-1.0,6901,1.0,26.0
20.0,true,2510100,900.0,-1.0,-1.0,5724,1.0,26.0
20.0,true,2699100,858.0,-1.0,-1.0,6566,1.0,26.0
20.0,true,3099800,1028.0,-1.0,-1.0,6617,1.0,26.0
20.0,true,2769900,826.0,-1.0,-1.0,5895,1.0,26.0
20.0,true,1598200,647.0,-1.0,-1.0,3742,1.0,26.0
20.0,true,2201900,740.0,-1.0,-1.0,4957,1.0,26.0
20.0,true,2305100,821.0,-1.0,-1.0,5309,1.0,26.0
20.0,true,2893000,1013.0,-1.0,-1.0,7000,1.0,26.0
20.0,true,2410300,700.0,-1.0,-1.0,4749,1.0,26.0
20.0,true,3294600,868.0,-1.0,-1.0,6770,1.0,26.0
20.0,true,2627200,958.0,-1.0,-1.0,5935,1.0,26.0
20.0,true,2574000,910.0,-1.0,-1.0,5883,1.0,26.0
20.0,true,2286900,857.0,-1.0,-1.0,5385,1.0,26.0
20.0,true,3403200,923.0,-1.0,-1.0,7130,1.0,26.0
20.0,true,2874100,922.0,-1.0,-1.0,6348,1.0,26.0
20.0,true,2480000,757.0,-1.0,-1.0,5269,1.0,26.0
20.0,true,2321700,763.0,-1.0,-1.0,5452,1.0,26.0
20.0,true,2919500,1075.0,-1.0,-1.0,6907,1.0,26.0
20.0,true,3936400,966.0,-1.0,-1.0,8279,1.0,26.0
20.0,true,3022300,980.0,-1.0,-1.0,6645,1.0,26.0
20.0,true,3297300,1073.0,-1.0,-1.0,7507,1.0,26.0
20.0,true,2489100,891.0,-1.0,-1.0,5974,1.0,26.0
20.0,true,3207400,773.0,-1.0,-1.0,5447,1.0,26.0
20.0,true,3063400,766.0,-1.0,-1.0,6325,1.0,26.0
20.0,true,2290200,811.0,-1.0,-1.0,5104,1.0,26.0
20.0,true,2517100,833.0,-1.0,-1.0,5491,1.0,26.0
20.0,true,3850500,995.0,-1.0,-1.0,6830,1.0,26.0
20.0,true,2801000,772.0,-1.0,-1.0,5552,1.0,26.0
20.0,true,2205100,799.0,-1.0,-1.0,4940,1.0,26.0
20.0,true,2851700,889.0,-1.0,-1.0,6164,1.0,26.0
20.0,true,3403400,893.0,-1.0,-1.0,6751,1.0,26.0
20.0,true,2900400,807.0,-1.0,-1.0,5502,1.0,26.0
20.0,true,2555900,757.0,-1.0,-1.0,6016,1.0,26.0
20.0,true,3500600,1155.0,-1.0,-1.0,8160,1.0,26.0
20.0,true,3668900,1018.0,-1.0,-1.0,7628,1.0,26.0
20.0,true,2384100,721.0,-1.0,-1.0,4970,1.0,26.0
20.0,true,2731800,802.0,-1.0,-1.0,5271,1.0,26.0
20.0,true,2647100,868.0,-1.0,-1.0,5840,1.0,26.0
20.0,true,2833200,829.0,-1.0,-1.0,6371,1.0,26.0
20.0,true,3914900,971.0,-1.0,-1.0,7281,1.0,26.0
20.0,true,3630200,1070.0,-1.0,-1.0,8237,1.0,26.0
20.0,true,3263200,1023.0,-1.0,-1.0,7719,1.0,26.0
20.0,true,2744600,908.0,-1.0,-1.0,6237,1.0,26.0
20.0,true,4372100,1266.0,-1.0,-1.0,8901,1.0,26.0
